﻿<?xml version="1.0" encoding="utf-8"?>
<deployment>
  <id>6a58da21-efec-4073-a978-0c1c2655340e</id>
  <author>N/A</author>
  <deployer>Push-Deployer</deployer>
  <authorEmail>N/A</authorEmail>
  <message>Created via a push deployment</message>
  <progress></progress>
  <status>Success</status>
  <statusText></statusText>
  <lastSuccessEndTime>2025-10-12T20:05:18.5955737Z</lastSuccessEndTime>
  <receivedTime>2025-10-12T20:02:02.3718109Z</receivedTime>
  <startTime>2025-10-12T20:02:04.1817936Z</startTime>
  <endTime>2025-10-12T20:05:18.5955737Z</endTime>
  <complete>True</complete>
  <is_temp>False</is_temp>
  <is_readonly>True</is_readonly>
  <buildSummary />
</deployment>