﻿<?xml version="1.0" encoding="utf-8"?>
<deployment>
  <id>bbe75a5c-cebb-4361-956f-a027fee967eb</id>
  <author>N/A</author>
  <deployer>Push-Deployer</deployer>
  <authorEmail>N/A</authorEmail>
  <message>Created via a push deployment</message>
  <progress></progress>
  <status>Success</status>
  <statusText></statusText>
  <lastSuccessEndTime>2025-10-12T23:34:12.3725619Z</lastSuccessEndTime>
  <receivedTime>2025-10-12T23:31:05.5153013Z</receivedTime>
  <startTime>2025-10-12T23:31:06.9563297Z</startTime>
  <endTime>2025-10-12T23:34:12.3725619Z</endTime>
  <complete>True</complete>
  <is_temp>False</is_temp>
  <is_readonly>True</is_readonly>
  <buildSummary />
</deployment>