﻿<?xml version="1.0" encoding="utf-8"?>
<deployment>
  <id>38bf4bca-a7f5-46b3-9eb9-578e5bcae93e</id>
  <author>N/A</author>
  <deployer>Push-Deployer</deployer>
  <authorEmail>N/A</authorEmail>
  <message>Created via a push deployment</message>
  <progress></progress>
  <status>Success</status>
  <statusText></statusText>
  <lastSuccessEndTime>2025-10-10T01:40:09.5159058Z</lastSuccessEndTime>
  <receivedTime>2025-10-10T01:37:42.3605337Z</receivedTime>
  <startTime>2025-10-10T01:37:43.8315841Z</startTime>
  <endTime>2025-10-10T01:40:09.5159058Z</endTime>
  <complete>True</complete>
  <is_temp>False</is_temp>
  <is_readonly>True</is_readonly>
  <buildSummary />
</deployment>