﻿<?xml version="1.0" encoding="utf-8"?>
<deployment>
  <id>a991afe6-0ced-4d8e-845b-2559e2c595a3</id>
  <author>N/A</author>
  <deployer>Push-Deployer</deployer>
  <authorEmail>N/A</authorEmail>
  <message>Created via a push deployment</message>
  <progress></progress>
  <status>Success</status>
  <statusText></statusText>
  <lastSuccessEndTime>2025-10-13T00:54:59.1094792Z</lastSuccessEndTime>
  <receivedTime>2025-10-13T00:52:05.4300753Z</receivedTime>
  <startTime>2025-10-13T00:52:07.049614Z</startTime>
  <endTime>2025-10-13T00:54:59.1094792Z</endTime>
  <complete>True</complete>
  <is_temp>False</is_temp>
  <is_readonly>True</is_readonly>
  <buildSummary />
</deployment>