﻿<?xml version="1.0" encoding="utf-8"?>
<deployment>
  <id>e8868a30-f480-486c-bd53-da2bbb5a5dd6</id>
  <author>N/A</author>
  <deployer>Push-Deployer</deployer>
  <authorEmail>N/A</authorEmail>
  <message>Created via a push deployment</message>
  <progress></progress>
  <status>Success</status>
  <statusText></statusText>
  <lastSuccessEndTime>2025-10-12T20:56:41.4909539Z</lastSuccessEndTime>
  <receivedTime>2025-10-12T20:53:55.5691812Z</receivedTime>
  <startTime>2025-10-12T20:53:57.2880165Z</startTime>
  <endTime>2025-10-12T20:56:41.4909539Z</endTime>
  <complete>True</complete>
  <is_temp>False</is_temp>
  <is_readonly>True</is_readonly>
  <buildSummary />
</deployment>