<step title="Incoming Request" date="2025-10-12T19:30:39.053" instance="d1bb16" url="/api/deployments/latest" method="GET" type="request" pid="774,1,19" Accept="*/*" Host="backend-ai-practice-questions-app.scm.azurewebsites.net" User-Agent="AZURECLI/2.77.0 (DEB)" Accept-Encoding="gzip, deflate" Authorization="Bea..." x-ms-client-request-id="e6581a52-a7a1-11f0-a35e-00224808ecda" X-ARR-LOG-ID="e6581a52-a7a1-11f0-a35e-00224808ecda" CLIENT-IP="172.184.174.120:2073" X-SITE-DEPLOYMENT-ID="backend-ai-practice-questions-app" WAS-DEFAULT-HOSTNAME="backend-ai-practice-questions-app.scm.azurewebsites.net" X-Forwarded-Proto="https" X-AppService-Proto="https" X-Forwarded-TlsVersion="1.3" X-WAWS-Unencoded-URL="/api/deployments/latest" X-Client-IP="172.184.174.120" X-Client-Port="2073" >
  <step title="Cleanup Xml Logs" date="2025-10-12T19:30:39.072" >
    <step title="Cleanup Infos" date="2025-10-12T19:30:39.158" totalFiles="293" totalCleanup="133" /><!-- duration: 164ms -->
  </step><!-- duration: 279ms -->
  <step title="DeploymentService.GetResult" date="2025-10-12T19:30:39.878" >
    <step title="DeploymentService.GetLatestDeployment" date="2025-10-12T19:30:39.922" >
      <step title="DeploymentManager.GetResults" date="2025-10-12T19:30:40.019" /><!-- duration: 4468ms -->
    </step><!-- duration: 4700ms -->
  </step><!-- duration: 4813ms -->
  <step title="Outgoing response" date="2025-10-12T19:30:45.089" type="response" statusCode="202" statusText="Accepted" /><!-- duration: 20ms -->
</step><!-- duration: 6081ms -->
