<step title="Incoming Request" date="2025-10-09T13:26:48.338" instance="d1bb16" url="/api/zipdeploy?isAsync=true" method="POST" type="request" pid="776,1,44" Accept="*/*" Host="backend-ai-practice-questions-app.scm.azurewebsites.net" User-Agent="AZURECLI/2.77.0 (DEB)" Accept-Encoding="gzip, deflate" Authorization="Bea..." Cache-Control="no-cache" Content-Type="application/octet-stream" Content-Length="137731" x-ms-client-request-id="8132bff0-a513-11f0-a35e-0022488e69af" x-ms-artifact-checksum="f6b335b7033363997a5b3133b1581a0f42c58eca91d9a0188c00816b81f5a1a6" X-ARR-LOG-ID="8132bff0-a513-11f0-a35e-0022488e69af" CLIENT-IP="64.236.169.4:52256" X-SITE-DEPLOYMENT-ID="backend-ai-practice-questions-app" WAS-DEFAULT-HOSTNAME="backend-ai-practice-questions-app.scm.azurewebsites.net" X-Forwarded-Proto="https" X-AppService-Proto="https" X-Forwarded-TlsVersion="1.3" X-WAWS-Unencoded-URL="/api/zipdeploy?isAsync=true" X-Client-IP="64.236.169.4" X-Client-Port="52256" >
  <step title="Cleanup Xml Logs" date="2025-10-09T13:26:48.572" /><!-- duration: 339ms -->
  <step title="ZipPushDeploy" date="2025-10-09T13:26:51.123" >
    <step title="ZipDeploy. Extract zip. Remote build." date="2025-10-09T13:26:51.382" /><!-- duration: 12ms -->
    <step title="Starting PushDeployAsync" date="2025-10-09T13:26:51.530" /><!-- duration: 67ms -->
    <step title="Writing artifact to /tmp/zipdeploy/9c7d395a-05ac-4bb9-91e8-8086520d92a9.zip" date="2025-10-09T13:26:51.865" >
      <step title="Writing multipart request body to /tmp/zipdeploy/9c7d395a-05ac-4bb9-91e8-8086520d92a9.zip" date="2025-10-09T13:26:51.916" /><!-- duration: 37ms -->
    </step><!-- duration: 1109ms -->
    <step title="Removing previous build artifact&apos;s manifest file" date="2025-10-09T13:26:53.051" >
      <step title="Start deployment in the background" date="2025-10-09T13:26:53.276" >
        <step title="Acquiring Deployment Lock" date="2025-10-09T13:26:53.647" /><!-- duration: 40ms -->
        <step title="Acquired Deployment Lock" date="2025-10-09T13:26:54.138" /><!-- duration: 55ms -->
      </step><!-- duration: 1958ms -->
    </step><!-- duration: 2327ms -->
    <step title="Outgoing response" date="2025-10-09T13:26:55.475" type="response" statusCode="202" statusText="Accepted" /><!-- duration: 19ms -->
  </step><!-- duration: 4422ms -->
