<step title="BackgroundTrace" date="2025-10-09T13:01:10.795" instance="d1bb16" url="/api/zipdeploy" method="POST" >
  <step title="Creating temporary deployment - FetchDeploymentManager" date="2025-10-09T13:01:10.951" /><!-- duration: 2ms -->
  <step title="Creating temporary deployment" date="2025-10-09T13:01:10.957" /><!-- duration: 85ms -->
  <step title="Performing fetch based deployment" date="2025-10-09T13:01:11.120" >
    <step title="Cleaning up temp folders from previous zip deployments and extracting pushed zip file /tmp/zipdeploy/735b39f1-6d58-4bda-bd4b-c2f5e0d0999c.zip (0.13 MB) to /tmp/zipdeploy/extracted" date="2025-10-09T13:01:12.304" >
      <step title="ChmodRecursive Process exited with total time taken in ms: 155" date="2025-10-09T13:01:12.713" /><!-- duration: 10ms -->
    </step><!-- duration: 427ms -->
    <step title="Deployment timer started" date="2025-10-09T13:01:14.766" >
      <step title="DeploymentManager.Deploy(id:dbe5562e-6ebd-4a88-b8d3-c7e873e5e8ce)" date="2025-10-09T13:01:14.784" >
        <step title="Collecting changeset information" date="2025-10-09T13:01:14.850" /><!-- duration: 165ms -->
        <step title="Updating submodules" date="2025-10-09T13:01:15.031" /><!-- duration: 1127ms -->
        <step title="Determining deployment builder" date="2025-10-09T13:01:16.419" >
          <step title="Builder is OryxBuilder" date="2025-10-09T13:01:16.443" /><!-- duration: 9ms -->
        </step><!-- duration: 40ms -->
        <step title="PreDeployment: context.CleanOutputPath False" date="2025-10-09T13:01:16.820" >
          <step title="PreDeployment: context.OutputPath /home/site/wwwroot" date="2025-10-09T13:01:17.371" >
            <step title="Building" date="2025-10-09T13:01:17.524" >
              <step title="Executing external process" date="2025-10-09T13:01:17.892" type="process" path="bash" arguments="-c &quot;oryx build /tmp/zipdeploy/extracted -o /home/site/wwwroot --platform python --platform-version 3.11 -p virtualenv_name=antenv --log-file /tmp/build-debug.log  -i /tmp/8de0733eed4b879 --compress-destination-dir | tee /tmp/oryx-build.log ; exit $PIPESTATUS &quot;" >
                <step title="Cpu: python(1297,28.230s)+ts(1298,0.140s)+build.sh(1296,0.000s)+build.sh(1295,0.000s)+build.sh(1188,0.070s)+oryx(1171,5.670s)+tee(1172,0.000s)+bash(1170,0.000s)=total(34.100s)" date="2025-10-09T13:03:07.651" /><!-- duration: 20ms -->
                <step title="bash: no io activity for 60s, prev-cpu=-1.000s, current-cpu=34.100s" date="2025-10-09T13:03:07.690" /><!-- duration: 27ms -->
              </step><!-- duration: 155112ms -->
              <step title="Using PythonDeploymentLogParser" date="2025-10-09T13:03:53.436" /><!-- duration: 3ms -->
              <step title="Triggering recycle (preview mode disabled)." date="2025-10-09T13:03:54.708" /><!-- duration: 12ms -->
              <step title="Modified file to trigger a restart of the app container." date="2025-10-09T13:03:54.773" /><!-- duration: 3ms -->
              <step title="Skip function trigger and logicapp sync because function is not enabled." date="2025-10-09T13:03:54.799" /><!-- duration: 10ms -->
              <step title="Purge deployment items" date="2025-10-09T13:03:55.559" >
                <step title="Remove f3185233-, Failed, received at 10/09/2025 12:34:55" date="2025-10-09T13:03:55.612" /><!-- duration: 3ms -->
                <step title="Remove temp-c02f, Failed, received at 10/09/2025 12:34:47" date="2025-10-09T13:03:55.691" /><!-- duration: 7ms -->
              </step><!-- duration: 146ms -->
            </step><!-- duration: 158531ms -->
          </step><!-- duration: 158690ms -->
          <step title="Cleaning up temp files" date="2025-10-09T13:03:56.065" /><!-- duration: 1001ms -->
          <step title="Cleaning up temp files" date="2025-10-09T13:03:57.072" /><!-- duration: 543ms -->
          <step title="Reloading status file with latest updates" date="2025-10-09T13:03:57.767" >
            <step title="WebHooksManager.PublishEventAsync: PostDeployment" date="2025-10-09T13:03:57.854" /><!-- duration: 509ms -->
          </step><!-- duration: 656ms -->
          <step title="Cleaning up temporary deployment - fetch deployment was successful" date="2025-10-09T13:03:58.462" /><!-- duration: 18ms -->
        </step><!-- duration: 161745ms -->
      </step><!-- duration: 163811ms -->
