<step title="BackgroundTrace" date="2025-10-09T23:50:27.677" instance="d1bb16" url="/api/zipdeploy" method="POST" >
  <step title="Creating temporary deployment - FetchDeploymentManager" date="2025-10-09T23:50:28.144" /><!-- duration: 10ms -->
  <step title="Creating temporary deployment" date="2025-10-09T23:50:28.232" /><!-- duration: 751ms -->
  <step title="Performing fetch based deployment" date="2025-10-09T23:50:29.444" >
    <step title="Cleaning up temp folders from previous zip deployments and extracting pushed zip file /tmp/zipdeploy/d8e4b736-78c2-4871-ba9a-668b22257822.zip (0.13 MB) to /tmp/zipdeploy/extracted" date="2025-10-09T23:50:31.332" >
      <step title="ChmodRecursive Process exited with total time taken in ms: 167" date="2025-10-09T23:50:31.882" /><!-- duration: 6ms -->
    </step><!-- duration: 569ms -->
    <step title="Deployment timer started" date="2025-10-09T23:50:34.774" >
      <step title="DeploymentManager.Deploy(id:8a8b8879-363a-4fc2-bd2c-79e710d44726)" date="2025-10-09T23:50:34.825" >
        <step title="Collecting changeset information" date="2025-10-09T23:50:34.902" /><!-- duration: 401ms -->
        <step title="Updating submodules" date="2025-10-09T23:50:35.310" /><!-- duration: 1124ms -->
        <step title="Determining deployment builder" date="2025-10-09T23:50:36.832" >
          <step title="Builder is OryxBuilder" date="2025-10-09T23:50:36.862" /><!-- duration: 3ms -->
        </step><!-- duration: 40ms -->
        <step title="PreDeployment: context.CleanOutputPath False" date="2025-10-09T23:50:36.934" >
          <step title="PreDeployment: context.OutputPath /home/site/wwwroot" date="2025-10-09T23:50:37.038" >
            <step title="Building" date="2025-10-09T23:50:37.170" >
              <step title="Executing external process" date="2025-10-09T23:50:37.496" type="process" path="bash" arguments="-c &quot;oryx build /tmp/zipdeploy/extracted -o /home/site/wwwroot --platform python --platform-version 3.11 -p virtualenv_name=antenv --log-file /tmp/build-debug.log  -i /tmp/8de078ea509d4ba --compress-destination-dir | tee /tmp/oryx-build.log ; exit $PIPESTATUS &quot;" >
                <step title="Cpu: python(1130,6.790s)+ts(1131,0.120s)+build.sh(1129,0.000s)+build.sh(1128,0.000s)+build.sh(1026,0.060s)+oryx(1006,4.990s)+tee(1007,0.000s)+bash(1005,0.000s)=total(11.960s)" date="2025-10-09T23:52:38.396" /><!-- duration: 17ms -->
                <step title="bash: no io activity for 60s, prev-cpu=-1.000s, current-cpu=11.960s" date="2025-10-09T23:52:38.560" /><!-- duration: 84ms -->
                <step title="Cpu: python(1130,12.570s)+ts(1131,0.130s)+build.sh(1129,0.000s)+build.sh(1128,0.000s)+build.sh(1026,0.070s)+oryx(1006,5.080s)+tee(1007,0.000s)+bash(1005,0.000s)=total(17.830s)" date="2025-10-09T23:53:42.883" /><!-- duration: 74ms -->
                <step title="bash: no io activity for 123s, prev-cpu=11.960s, current-cpu=17.830s" date="2025-10-09T23:53:43.161" /><!-- duration: 30ms -->
                <step title="Cpu: python(1130,17.230s)+ts(1131,0.140s)+build.sh(1129,0.000s)+build.sh(1128,0.000s)+build.sh(1026,0.080s)+oryx(1006,5.210s)+tee(1007,0.000s)+bash(1005,0.000s)=total(22.640s)" date="2025-10-09T23:54:47.990" /><!-- duration: 183ms -->
                <step title="bash: no io activity for 187s, prev-cpu=17.830s, current-cpu=22.640s" date="2025-10-09T23:54:48.268" /><!-- duration: 70ms -->
