<step title="Incoming Request" date="2025-10-09T10:50:44.185" instance="d1bb16" url="/api/zipdeploy?isAsync=true" method="POST" type="request" pid="770,1,18" Accept="*/*" Host="backend-ai-practice-questions-app.scm.azurewebsites.net" User-Agent="AZURECLI/2.77.0 (DEB)" Accept-Encoding="gzip, deflate" Authorization="Bea..." Cache-Control="no-cache" Content-Type="application/octet-stream" Content-Length="52626" x-ms-client-request-id="caf2d7ee-a4fd-11f0-a35e-6045bdc92615" x-ms-artifact-checksum="5b17bcd10a73ac27153eb58eb9b209d720bccfa8b6792bf3edb33dd8085790a1" X-ARR-LOG-ID="caf2d7ee-a4fd-11f0-a35e-6045bdc92615" CLIENT-IP="172.182.226.212:9248" X-SITE-DEPLOYMENT-ID="backend-ai-practice-questions-app" WAS-DEFAULT-HOSTNAME="backend-ai-practice-questions-app.scm.azurewebsites.net" X-Forwarded-Proto="https" X-AppService-Proto="https" X-Forwarded-TlsVersion="1.3" X-WAWS-Unencoded-URL="/api/zipdeploy?isAsync=true" X-Client-IP="172.182.226.212" X-Client-Port="9248" >
  <step title="ZipPushDeploy" date="2025-10-09T10:50:46.265" >
    <step title="ZipDeploy. Extract zip. Remote build." date="2025-10-09T10:50:46.340" /><!-- duration: 10ms -->
    <step title="None repository commit" date="2025-10-09T10:50:46.409" >
      <step title="Commit id: b781d3b0-8ff5-4bbb-86b6-bee85066631c" date="2025-10-09T10:50:46.436" Message="N/A" AuthorName="N/A" AuthorEmail="N/A" /><!-- duration: 13ms -->
    </step><!-- duration: 50ms -->
    <step title="Starting PushDeployAsync" date="2025-10-09T10:50:46.495" /><!-- duration: 30ms -->
    <step title="Writing artifact to /tmp/zipdeploy/35230f93-9d81-47d3-8f0e-b12a42ab7e8b.zip" date="2025-10-09T10:50:46.624" >
      <step title="Writing multipart request body to /tmp/zipdeploy/35230f93-9d81-47d3-8f0e-b12a42ab7e8b.zip" date="2025-10-09T10:50:46.709" /><!-- duration: 11ms -->
    </step><!-- duration: 402ms -->
    <step title="Removing previous build artifact&apos;s manifest file" date="2025-10-09T10:50:47.047" >
      <step title="Start deployment in the background" date="2025-10-09T10:50:47.105" >
        <step title="Acquiring Deployment Lock" date="2025-10-09T10:50:47.153" /><!-- duration: 19ms -->
        <step title="Acquired Deployment Lock" date="2025-10-09T10:50:47.230" /><!-- duration: 12ms -->
      </step><!-- duration: 290ms -->
    </step><!-- duration: 364ms -->
    <step title="Outgoing response" date="2025-10-09T10:50:47.440" type="response" statusCode="202" statusText="Accepted" /><!-- duration: 9ms -->
  </step><!-- duration: 1186ms -->
