<step title="BackgroundTrace" date="2025-10-12T20:01:49.556" instance="d1bb16" url="/api/zipdeploy" method="POST" >
  <step title="Creating temporary deployment - FetchDeploymentManager" date="2025-10-12T20:01:49.733" /><!-- duration: 2ms -->
  <step title="Creating temporary deployment" date="2025-10-12T20:01:49.751" /><!-- duration: 171ms -->
  <step title="Performing fetch based deployment" date="2025-10-12T20:01:50.025" >
    <step title="Cleaning up temp folders from previous zip deployments and extracting pushed zip file /tmp/zipdeploy/d2d33ad6-64f9-45e5-aad1-e2e31958e122.zip (26.38 MB) to /tmp/zipdeploy/extracted" date="2025-10-12T20:01:51.315" >
      <step title="ChmodRecursive Process exited with total time taken in ms: 596" date="2025-10-12T20:01:59.990" /><!-- duration: 11ms -->
    </step><!-- duration: 8692ms -->
    <step title="Deployment timer started" date="2025-10-12T20:02:02.156" >
      <step title="DeploymentManager.Deploy(id:6a58da21-efec-4073-a978-0c1c2655340e)" date="2025-10-12T20:02:02.168" >
        <step title="Collecting changeset information" date="2025-10-12T20:02:02.238" /><!-- duration: 234ms -->
        <step title="Updating submodules" date="2025-10-12T20:02:02.506" /><!-- duration: 1261ms -->
        <step title="Determining deployment builder" date="2025-10-12T20:02:04.327" >
          <step title="Builder is OryxBuilder" date="2025-10-12T20:02:04.412" /><!-- duration: 20ms -->
        </step><!-- duration: 116ms -->
        <step title="PreDeployment: context.CleanOutputPath False" date="2025-10-12T20:02:04.936" >
          <step title="PreDeployment: context.OutputPath /home/site/wwwroot" date="2025-10-12T20:02:05.233" >
            <step title="Building" date="2025-10-12T20:02:05.589" >
              <step title="Executing external process" date="2025-10-12T20:02:07.050" type="process" path="bash" arguments="-c &quot;oryx build /tmp/zipdeploy/extracted -o /home/site/wwwroot --platform python --platform-version 3.11 -p virtualenv_name=antenv --log-file /tmp/build-debug.log  -i /tmp/8de09ca370b0a01 --compress-destination-dir | tee /tmp/oryx-build.log ; exit $PIPESTATUS &quot;" /><!-- duration: 189391ms -->
              <step title="Using PythonDeploymentLogParser" date="2025-10-12T20:05:16.868" /><!-- duration: 15ms -->
              <step title="Triggering recycle (preview mode disabled)." date="2025-10-12T20:05:18.142" /><!-- duration: 11ms -->
              <step title="Modified file to trigger a restart of the app container." date="2025-10-12T20:05:18.199" /><!-- duration: 5ms -->
              <step title="Skip function trigger and logicapp sync because function is not enabled." date="2025-10-12T20:05:18.228" /><!-- duration: 11ms -->
            </step><!-- duration: 193667ms -->
          </step><!-- duration: 194031ms -->
          <step title="Cleaning up temp files" date="2025-10-12T20:05:19.268" /><!-- duration: 1322ms -->
          <step title="Cleaning up temp files" date="2025-10-12T20:05:20.596" /><!-- duration: 508ms -->
          <step title="Reloading status file with latest updates" date="2025-10-12T20:05:21.160" >
            <step title="WebHooksManager.PublishEventAsync: PostDeployment" date="2025-10-12T20:05:21.175" /><!-- duration: 130ms -->
          </step><!-- duration: 148ms -->
          <step title="Cleaning up temporary deployment - fetch deployment was successful" date="2025-10-12T20:05:21.335" /><!-- duration: 3ms -->
        </step><!-- duration: 196474ms -->
      </step><!-- duration: 199285ms -->
