<step title="Incoming Request" date="2025-10-13T00:52:09.413" instance="d1bb16" url="/api/deployments/latest" method="GET" type="request" pid="774,1,82" Accept="*/*" Host="backend-ai-practice-questions-app.scm.azurewebsites.net" User-Agent="AZURECLI/2.77.0 (DEB)" Accept-Encoding="gzip, deflate" Authorization="Bea..." x-ms-client-request-id="c9f32ae6-a7ce-11f0-a35e-7c1e52433d3f" X-ARR-LOG-ID="c9f32ae6-a7ce-11f0-a35e-7c1e52433d3f" CLIENT-IP="68.154.38.18:60435" X-SITE-DEPLOYMENT-ID="backend-ai-practice-questions-app" WAS-DEFAULT-HOSTNAME="backend-ai-practice-questions-app.scm.azurewebsites.net" X-Forwarded-Proto="https" X-AppService-Proto="https" X-Forwarded-TlsVersion="1.3" X-WAWS-Unencoded-URL="/api/deployments/latest" X-Client-IP="68.154.38.18" X-Client-Port="60435" >
  <step title="Cleanup Xml Logs" date="2025-10-13T00:52:09.416" >
    <step title="Cleanup Infos" date="2025-10-13T00:52:09.456" totalFiles="383" totalCleanup="223" /><!-- duration: 10ms -->
  </step><!-- duration: 77ms -->
  <step title="DeploymentService.GetResult" date="2025-10-13T00:52:09.521" >
    <step title="DeploymentService.GetLatestDeployment" date="2025-10-13T00:52:09.531" >
      <step title="DeploymentManager.GetResults" date="2025-10-13T00:52:09.541" /><!-- duration: 1484ms -->
    </step><!-- duration: 1552ms -->
  </step><!-- duration: 1590ms -->
  <step title="Outgoing response" date="2025-10-13T00:52:11.172" type="response" statusCode="202" statusText="Accepted" /><!-- duration: 20ms -->
</step><!-- duration: 1795ms -->
