<step title="Incoming Request" date="2025-10-09T23:32:37.742" instance="d1bb16" url="/api/zipdeploy?isAsync=true" method="POST" type="request" pid="772,1,71" Accept="*/*" Host="backend-ai-practice-questions-app.scm.azurewebsites.net" User-Agent="AZURECLI/2.77.0 (DEB)" Accept-Encoding="gzip, deflate" Authorization="Bea..." Cache-Control="no-cache" Content-Type="application/octet-stream" Content-Length="137731" x-ms-client-request-id="3115e7ae-a568-11f0-a35e-000d3a5a9462" x-ms-artifact-checksum="515ed59aecfbffb26bd5fda30663b9e585330ddbb3255fbcf21ce5ef174deb6d" X-ARR-LOG-ID="3115e7ae-a568-11f0-a35e-000d3a5a9462" CLIENT-IP="52.159.228.216:40960" X-SITE-DEPLOYMENT-ID="backend-ai-practice-questions-app" WAS-DEFAULT-HOSTNAME="backend-ai-practice-questions-app.scm.azurewebsites.net" X-Forwarded-Proto="https" X-AppService-Proto="https" X-Forwarded-TlsVersion="1.3" X-WAWS-Unencoded-URL="/api/zipdeploy?isAsync=true" X-Client-IP="52.159.228.216" X-Client-Port="40960" >
  <step title="Cleanup Xml Logs" date="2025-10-09T23:32:37.899" >
    <step title="Cleanup Infos" date="2025-10-09T23:32:38.164" totalFiles="200" totalCleanup="40" /><!-- duration: 2362ms -->
  </step><!-- duration: 2882ms -->
  <step title="ZipPushDeploy" date="2025-10-09T23:33:35.834" >
    <step title="ZipDeploy. Extract zip. Remote build." date="2025-10-09T23:33:45.236" /><!-- duration: 315ms -->
    <step title="None repository commit" date="2025-10-09T23:33:52.576" >
      <step title="Commit id: 40d1cee3-6413-4df2-a5dc-e32d2d057f04" date="2025-10-09T23:33:53.018" Message="N/A" AuthorName="N/A" AuthorEmail="N/A" /><!-- duration: 115ms -->
    </step><!-- duration: 645ms -->
    <step title="Starting PushDeployAsync" date="2025-10-09T23:33:53.713" /><!-- duration: 8ms -->
    <step title="Writing artifact to /tmp/zipdeploy/78b50527-979f-486f-a35c-bfcc33b051e4.zip" date="2025-10-09T23:33:57.715" >
      <step title="Writing multipart request body to /tmp/zipdeploy/78b50527-979f-486f-a35c-bfcc33b051e4.zip" date="2025-10-09T23:33:58.213" /><!-- duration: 4ms -->
    </step><!-- duration: 95067ms -->
    <step title="Start deployment in the background" date="2025-10-09T23:35:40.272" >
      <step title="Acquiring Deployment Lock" date="2025-10-09T23:35:54.313" /><!-- duration: 68ms -->
      <step title="Acquired Deployment Lock" date="2025-10-09T23:35:57.560" /><!-- duration: 106ms -->
    </step><!-- duration: 18929ms -->
  </step><!-- duration: 144614ms -->
  <step title="Outgoing response" date="2025-10-09T23:36:01.419" type="response" statusCode="202" statusText="Accepted" /><!-- duration: 19ms -->
</step><!-- duration: 203708ms -->
