<step title="Incoming Request" date="2025-10-09T23:50:38.705" instance="d1bb16" url="/api/deployments/latest" method="GET" type="request" pid="770,1,36" Accept="*/*" Host="backend-ai-practice-questions-app.scm.azurewebsites.net" User-Agent="AZURECLI/2.77.0 (DEB)" Accept-Encoding="gzip, deflate" Authorization="Bea..." x-ms-client-request-id="b47732d6-a56a-11f0-a35e-7c1e529ceded" X-ARR-LOG-ID="b47732d6-a56a-11f0-a35e-7c1e529ceded" CLIENT-IP="20.161.30.192:48066" X-SITE-DEPLOYMENT-ID="backend-ai-practice-questions-app" WAS-DEFAULT-HOSTNAME="backend-ai-practice-questions-app.scm.azurewebsites.net" X-Forwarded-Proto="https" X-AppService-Proto="https" X-Forwarded-TlsVersion="1.3" X-WAWS-Unencoded-URL="/api/deployments/latest" X-Client-IP="20.161.30.192" X-Client-Port="48066" >
  <step title="Cleanup Xml Logs" date="2025-10-09T23:50:38.707" >
    <step title="Cleanup Infos" date="2025-10-09T23:50:38.756" totalFiles="208" totalCleanup="48" /><!-- duration: 20ms -->
  </step><!-- duration: 87ms -->
  <step title="DeploymentService.GetResult" date="2025-10-09T23:50:38.843" >
    <step title="DeploymentService.GetLatestDeployment" date="2025-10-09T23:50:38.862" >
      <step title="DeploymentManager.GetResults" date="2025-10-09T23:50:38.881" /><!-- duration: 2047ms -->
    </step><!-- duration: 2115ms -->
  </step><!-- duration: 2162ms -->
  <step title="Outgoing response" date="2025-10-09T23:50:41.023" type="response" statusCode="202" statusText="Accepted" /><!-- duration: 29ms -->
</step><!-- duration: 2387ms -->
