<step title="Incoming Request" date="2025-10-12T19:48:21.691" instance="d1bb16" url="/api/zipdeploy?isAsync=true" method="POST" type="request" pid="774,1,28" Accept="*/*" Host="backend-ai-practice-questions-app.scm.azurewebsites.net" User-Agent="AZURECLI/2.77.0 (DEB)" Accept-Encoding="gzip, deflate" Authorization="Bea..." Cache-Control="no-cache" Content-Type="application/octet-stream" Content-Length="27661448" x-ms-client-request-id="64e723e8-a7a4-11f0-a35e-6045bd07b8b4" x-ms-artifact-checksum="1a90f7d36783f1f1997e32d4db5c4904090842a0729157dd13a7fd5720c4f73e" X-ARR-LOG-ID="64e723e8-a7a4-11f0-a35e-6045bd07b8b4" CLIENT-IP="52.159.229.67:1024" X-SITE-DEPLOYMENT-ID="backend-ai-practice-questions-app" WAS-DEFAULT-HOSTNAME="backend-ai-practice-questions-app.scm.azurewebsites.net" X-Forwarded-Proto="https" X-AppService-Proto="https" X-Forwarded-TlsVersion="1.3" X-WAWS-Unencoded-URL="/api/zipdeploy?isAsync=true" X-Client-IP="52.159.229.67" X-Client-Port="1024" >
  <step title="Cleanup Xml Logs" date="2025-10-12T19:48:21.728" >
    <step title="Cleanup Infos" date="2025-10-12T19:48:21.804" totalFiles="312" totalCleanup="152" /><!-- duration: 35ms -->
  </step><!-- duration: 166ms -->
  <step title="ZipPushDeploy" date="2025-10-12T19:48:22.485" >
    <step title="ZipDeploy. Extract zip. Remote build." date="2025-10-12T19:48:22.522" /><!-- duration: 4ms -->
    <step title="Starting PushDeployAsync" date="2025-10-12T19:48:22.538" /><!-- duration: 5ms -->
    <step title="Writing artifact to /tmp/zipdeploy/1bb7e17b-7088-4d73-96ac-0a0cbbb0bf8a.zip" date="2025-10-12T19:48:22.582" >
      <step title="Writing multipart request body to /tmp/zipdeploy/1bb7e17b-7088-4d73-96ac-0a0cbbb0bf8a.zip" date="2025-10-12T19:48:22.592" /><!-- duration: 66ms -->
    </step><!-- duration: 2023ms -->
    <step title="Removing previous build artifact&apos;s manifest file" date="2025-10-12T19:48:24.619" >
      <step title="Start deployment in the background" date="2025-10-12T19:48:24.814" >
        <step title="Acquiring Deployment Lock" date="2025-10-12T19:48:24.975" /><!-- duration: 6ms -->
        <step title="Acquired Deployment Lock" date="2025-10-12T19:48:25.171" /><!-- duration: 7ms -->
      </step><!-- duration: 680ms -->
    </step><!-- duration: 1019ms -->
    <step title="Outgoing response" date="2025-10-12T19:48:25.691" type="response" statusCode="202" statusText="Accepted" /><!-- duration: 14ms -->
  </step><!-- duration: 3232ms -->
