<step title="Incoming Request" date="2025-10-13T01:24:57.009" instance="d1bb16" url="/api/deployments/latest" method="GET" type="request" pid="774,1,20" Accept="*/*" Host="backend-ai-practice-questions-app.scm.azurewebsites.net" User-Agent="AZURECLI/2.77.0 (DEB)" Accept-Encoding="gzip, deflate" Authorization="Bea..." x-ms-client-request-id="659ef034-a7d3-11f0-a35e-7ced8d6dd444" X-ARR-LOG-ID="659ef034-a7d3-11f0-a35e-7ced8d6dd444" CLIENT-IP="172.184.219.163:38849" X-SITE-DEPLOYMENT-ID="backend-ai-practice-questions-app" WAS-DEFAULT-HOSTNAME="backend-ai-practice-questions-app.scm.azurewebsites.net" X-Forwarded-Proto="https" X-AppService-Proto="https" X-Forwarded-TlsVersion="1.3" X-WAWS-Unencoded-URL="/api/deployments/latest" X-Client-IP="172.184.219.163" X-Client-Port="38849" >
  <step title="Cleanup Xml Logs" date="2025-10-13T01:24:57.021" >
    <step title="Cleanup Infos" date="2025-10-13T01:24:57.066" totalFiles="399" totalCleanup="239" /><!-- duration: 13ms -->
  </step><!-- duration: 84ms -->
  <step title="DeploymentService.GetResult" date="2025-10-13T01:24:57.298" >
    <step title="DeploymentService.GetLatestDeployment" date="2025-10-13T01:24:57.307" >
      <step title="DeploymentManager.GetResults" date="2025-10-13T01:24:57.316" /><!-- duration: 792ms -->
    </step><!-- duration: 814ms -->
  </step><!-- duration: 834ms -->
  <step title="Outgoing response" date="2025-10-13T01:24:58.219" type="response" statusCode="202" statusText="Accepted" /><!-- duration: 7ms -->
</step><!-- duration: 1220ms -->
