<step title="BackgroundTrace" date="2025-10-12T20:53:44.218" instance="d1bb16" url="/api/zipdeploy" method="POST" >
  <step title="Creating temporary deployment - FetchDeploymentManager" date="2025-10-12T20:53:44.344" /><!-- duration: 7ms -->
  <step title="Creating temporary deployment" date="2025-10-12T20:53:44.380" /><!-- duration: 226ms -->
  <step title="Performing fetch based deployment" date="2025-10-12T20:53:44.769" >
    <step title="Cleaning up temp folders from previous zip deployments and extracting pushed zip file /tmp/zipdeploy/e782521f-805c-4f87-a0da-87ebec444959.zip (26.38 MB) to /tmp/zipdeploy/extracted" date="2025-10-12T20:53:46.138" >
      <step title="ChmodRecursive Process exited with total time taken in ms: 258" date="2025-10-12T20:53:53.372" /><!-- duration: 8ms -->
    </step><!-- duration: 7251ms -->
    <step title="Deployment timer started" date="2025-10-12T20:53:55.438" >
      <step title="DeploymentManager.Deploy(id:e8868a30-f480-486c-bd53-da2bbb5a5dd6)" date="2025-10-12T20:53:55.445" >
        <step title="Collecting changeset information" date="2025-10-12T20:53:55.498" /><!-- duration: 119ms -->
        <step title="Updating submodules" date="2025-10-12T20:53:55.628" /><!-- duration: 1163ms -->
        <step title="Determining deployment builder" date="2025-10-12T20:53:57.367" >
          <step title="Builder is OryxBuilder" date="2025-10-12T20:53:57.401" /><!-- duration: 4ms -->
        </step><!-- duration: 51ms -->
        <step title="PreDeployment: context.CleanOutputPath False" date="2025-10-12T20:53:57.491" >
          <step title="PreDeployment: context.OutputPath /home/site/wwwroot" date="2025-10-12T20:53:57.636" >
            <step title="Building" date="2025-10-12T20:53:57.856" >
              <step title="Executing external process" date="2025-10-12T20:53:58.501" type="process" path="bash" arguments="-c &quot;oryx build /tmp/zipdeploy/extracted -o /home/site/wwwroot --platform python --platform-version 3.11 -p virtualenv_name=antenv --log-file /tmp/build-debug.log  -i /tmp/8de09d17682e920 --compress-destination-dir | tee /tmp/oryx-build.log ; exit $PIPESTATUS &quot;" /><!-- duration: 160279ms -->
              <step title="Using PythonDeploymentLogParser" date="2025-10-12T20:56:39.209" /><!-- duration: 4ms -->
              <step title="Triggering recycle (preview mode disabled)." date="2025-10-12T20:56:40.958" /><!-- duration: 6ms -->
              <step title="Modified file to trigger a restart of the app container." date="2025-10-12T20:56:41.018" /><!-- duration: 4ms -->
              <step title="Skip function trigger and logicapp sync because function is not enabled." date="2025-10-12T20:56:41.054" /><!-- duration: 4ms -->
            </step><!-- duration: 164253ms -->
          </step><!-- duration: 164484ms -->
          <step title="Cleaning up temp files" date="2025-10-12T20:56:42.127" /><!-- duration: 1213ms -->
          <step title="Cleaning up temp files" date="2025-10-12T20:56:43.346" /><!-- duration: 518ms -->
          <step title="Reloading status file with latest updates" date="2025-10-12T20:56:43.925" >
            <step title="WebHooksManager.PublishEventAsync: PostDeployment" date="2025-10-12T20:56:43.941" /><!-- duration: 333ms -->
          </step><!-- duration: 385ms -->
          <step title="Cleaning up temporary deployment - fetch deployment was successful" date="2025-10-12T20:56:44.378" /><!-- duration: 40ms -->
        </step><!-- duration: 167098ms -->
      </step><!-- duration: 169245ms -->
