<step title="Incoming Request" date="2025-10-13T00:51:49.708" instance="d1bb16" url="/api/zipdeploy?isAsync=true" method="POST" type="request" pid="774,1,87" Accept="*/*" Host="backend-ai-practice-questions-app.scm.azurewebsites.net" User-Agent="AZURECLI/2.77.0 (DEB)" Accept-Encoding="gzip, deflate" Authorization="Bea..." Cache-Control="no-cache" Content-Type="application/octet-stream" Content-Length="27661894" x-ms-client-request-id="c9f32ae6-a7ce-11f0-a35e-7c1e52433d3f" x-ms-artifact-checksum="da398ecee6f50b698c3a95c688c4da15a242dcfd788da8afaed35a0031b31301" X-ARR-LOG-ID="c9f32ae6-a7ce-11f0-a35e-7c1e52433d3f" CLIENT-IP="68.154.38.18:60432" X-SITE-DEPLOYMENT-ID="backend-ai-practice-questions-app" WAS-DEFAULT-HOSTNAME="backend-ai-practice-questions-app.scm.azurewebsites.net" X-Forwarded-Proto="https" X-AppService-Proto="https" X-Forwarded-TlsVersion="1.3" X-WAWS-Unencoded-URL="/api/zipdeploy?isAsync=true" X-Client-IP="68.154.38.18" X-Client-Port="60432" >
  <step title="Cleanup Xml Logs" date="2025-10-13T00:51:49.728" >
    <step title="Cleanup Infos" date="2025-10-13T00:51:49.759" totalFiles="379" totalCleanup="219" /><!-- duration: 17ms -->
  </step><!-- duration: 55ms -->
  <step title="ZipPushDeploy" date="2025-10-13T00:51:49.996" >
    <step title="ZipDeploy. Extract zip. Remote build." date="2025-10-13T00:51:50.025" /><!-- duration: 4ms -->
    <step title="Starting PushDeployAsync" date="2025-10-13T00:51:50.044" /><!-- duration: 5ms -->
    <step title="Writing artifact to /tmp/zipdeploy/ee61576f-c967-451c-baed-1e8233305247.zip" date="2025-10-13T00:51:50.107" >
      <step title="Writing multipart request body to /tmp/zipdeploy/ee61576f-c967-451c-baed-1e8233305247.zip" date="2025-10-13T00:51:50.137" /><!-- duration: 20ms -->
    </step><!-- duration: 1290ms -->
    <step title="Removing previous build artifact&apos;s manifest file" date="2025-10-13T00:51:51.409" >
      <step title="Start deployment in the background" date="2025-10-13T00:51:51.448" >
        <step title="Acquiring Deployment Lock" date="2025-10-13T00:51:51.535" /><!-- duration: 3ms -->
        <step title="Acquired Deployment Lock" date="2025-10-13T00:51:51.589" /><!-- duration: 5ms -->
      </step><!-- duration: 398ms -->
    </step><!-- duration: 475ms -->
    <step title="Outgoing response" date="2025-10-13T00:51:51.909" type="response" statusCode="202" statusText="Accepted" /><!-- duration: 4ms -->
  </step><!-- duration: 1922ms -->
