<step title="BackgroundTrace" date="2025-10-10T01:28:42.313" instance="d1bb16" url="/api/zipdeploy" method="POST" >
  <step title="Cleanup Xml Logs" date="2025-10-10T01:28:42.320" >
    <step title="Cleanup Infos" date="2025-10-10T01:28:42.337" totalFiles="231" totalCleanup="71" /><!-- duration: 16ms -->
  </step><!-- duration: 36ms -->
  <step title="Creating temporary deployment - FetchDeploymentManager" date="2025-10-10T01:28:42.440" /><!-- duration: 4ms -->
  <step title="Creating temporary deployment" date="2025-10-10T01:28:42.449" /><!-- duration: 82ms -->
  <step title="Performing fetch based deployment" date="2025-10-10T01:28:42.627" >
    <step title="Cleaning up temp folders from previous zip deployments and extracting pushed zip file /tmp/zipdeploy/50e88192-ddb5-4cbe-a56c-f181b0c04b1e.zip (26.38 MB) to /tmp/zipdeploy/extracted" date="2025-10-10T01:28:43.823" >
      <step title="ChmodRecursive Process exited with total time taken in ms: 609" date="2025-10-10T01:28:48.827" /><!-- duration: 12ms -->
    </step><!-- duration: 5023ms -->
    <step title="Deployment timer started" date="2025-10-10T01:28:50.876" >
      <step title="DeploymentManager.Deploy(id:83f5a220-1064-474c-b87f-1040f0f325c5)" date="2025-10-10T01:28:50.883" >
        <step title="Collecting changeset information" date="2025-10-10T01:28:50.927" /><!-- duration: 144ms -->
        <step title="Updating submodules" date="2025-10-10T01:28:51.077" /><!-- duration: 1157ms -->
        <step title="Determining deployment builder" date="2025-10-10T01:28:52.500" >
          <step title="Builder is OryxBuilder" date="2025-10-10T01:28:52.538" /><!-- duration: 9ms -->
        </step><!-- duration: 50ms -->
        <step title="PreDeployment: context.CleanOutputPath False" date="2025-10-10T01:28:52.619" >
          <step title="PreDeployment: context.OutputPath /home/site/wwwroot" date="2025-10-10T01:28:52.742" >
            <step title="Building" date="2025-10-10T01:28:52.890" >
              <step title="Executing external process" date="2025-10-10T01:28:53.264" type="process" path="bash" arguments="-c &quot;oryx build /tmp/zipdeploy/extracted -o /home/site/wwwroot --platform python --platform-version 3.11 -p virtualenv_name=antenv --log-file /tmp/build-debug.log  -i /tmp/8de079c5f226407 --compress-destination-dir | tee /tmp/oryx-build.log ; exit $PIPESTATUS &quot;" >
                <step title="Cpu: python(956,28.630s)+ts(957,0.140s)+build.sh(955,0.000s)+build.sh(954,0.000s)+build.sh(855,0.040s)+oryx(836,5.010s)+tee(837,0.000s)+bash(835,0.000s)=total(33.770s)" date="2025-10-10T01:30:47.842" /><!-- duration: 58ms -->
                <step title="bash: no io activity for 61s, prev-cpu=-1.000s, current-cpu=33.770s" date="2025-10-10T01:30:47.926" /><!-- duration: 3ms -->
                <step title="Cpu: gzip(1064,29.810s)+sh(1063,0.000s)+tar(1062,2.290s)+build.sh(855,0.070s)+oryx(836,5.770s)+tee(837,0.010s)+bash(835,0.000s)=total(37.950s)" date="2025-10-10T01:33:15.461" /><!-- duration: 18ms -->
                <step title="bash: no io activity for 61s, prev-cpu=-1.000s, current-cpu=37.950s" date="2025-10-10T01:33:15.496" /><!-- duration: 3ms -->
              </step><!-- duration: 264738ms -->
              <step title="Using PythonDeploymentLogParser" date="2025-10-10T01:33:18.426" /><!-- duration: 10ms -->
              <step title="Triggering recycle (preview mode disabled)." date="2025-10-10T01:33:19.783" /><!-- duration: 5ms -->
              <step title="Modified file to trigger a restart of the app container." date="2025-10-10T01:33:19.828" /><!-- duration: 3ms -->
              <step title="Skip function trigger and logicapp sync because function is not enabled." date="2025-10-10T01:33:19.852" /><!-- duration: 10ms -->
              <step title="Purge deployment items" date="2025-10-10T01:33:20.913" >
                <step title="Remove 8a8b8879-, Failed, received at 10/09/2025 23:50:35" date="2025-10-10T01:33:20.979" /><!-- duration: 3ms -->
                <step title="Remove temp-d5c7, Failed, received at 10/09/2025 23:50:28" date="2025-10-10T01:33:21.037" /><!-- duration: 14ms -->
                <step title="Remove 40d1cee3-, Failed, received at 10/09/2025 23:36:14" date="2025-10-10T01:33:21.111" /><!-- duration: 3ms -->
                <step title="Remove temp-3823, Failed, received at 10/09/2025 23:35:57" date="2025-10-10T01:33:21.172" /><!-- duration: 15ms -->
                <step title="Remove ef3a959c-, Failed, received at 10/09/2025 13:27:08" date="2025-10-10T01:33:21.247" /><!-- duration: 3ms -->
                <step title="Remove temp-5a16, Failed, received at 10/09/2025 13:26:54" date="2025-10-10T01:33:21.308" /><!-- duration: 3ms -->
              </step><!-- duration: 402ms -->
            </step><!-- duration: 268498ms -->
          </step><!-- duration: 268653ms -->
          <step title="Cleaning up temp files" date="2025-10-10T01:33:21.399" /><!-- duration: 1496ms -->
          <step title="Cleaning up temp files" date="2025-10-10T01:33:22.901" /><!-- duration: 517ms -->
          <step title="Reloading status file with latest updates" date="2025-10-10T01:33:23.456" >
            <step title="WebHooksManager.PublishEventAsync: PostDeployment" date="2025-10-10T01:33:23.462" /><!-- duration: 170ms -->
          </step><!-- duration: 179ms -->
          <step title="Cleaning up temporary deployment - fetch deployment was successful" date="2025-10-10T01:33:23.650" /><!-- duration: 3ms -->
        </step><!-- duration: 271128ms -->
      </step><!-- duration: 272886ms -->
