<step title="Incoming Request" date="2025-10-12T20:53:55.973" instance="d1bb16" url="/api/deployments/latest" method="GET" type="request" pid="774,1,7" Accept="*/*" Host="backend-ai-practice-questions-app.scm.azurewebsites.net" User-Agent="AZURECLI/2.77.0 (DEB)" Accept-Encoding="gzip, deflate" Authorization="Bea..." x-ms-client-request-id="85ad12f0-a7ad-11f0-a35e-00224804db9f" X-ARR-LOG-ID="85ad12f0-a7ad-11f0-a35e-00224804db9f" CLIENT-IP="68.220.58.3:19490" X-SITE-DEPLOYMENT-ID="backend-ai-practice-questions-app" WAS-DEFAULT-HOSTNAME="backend-ai-practice-questions-app.scm.azurewebsites.net" X-Forwarded-Proto="https" X-AppService-Proto="https" X-Forwarded-TlsVersion="1.3" X-WAWS-Unencoded-URL="/api/deployments/latest" X-Client-IP="68.220.58.3" X-Client-Port="19490" >
  <step title="Cleanup Xml Logs" date="2025-10-12T20:53:55.985" >
    <step title="Cleanup Infos" date="2025-10-12T20:53:56.052" totalFiles="349" totalCleanup="189" /><!-- duration: 8ms -->
  </step><!-- duration: 81ms -->
  <step title="DeploymentService.GetResult" date="2025-10-12T20:53:56.092" >
    <step title="DeploymentService.GetLatestDeployment" date="2025-10-12T20:53:56.099" >
      <step title="DeploymentManager.GetResults" date="2025-10-12T20:53:56.103" /><!-- duration: 833ms -->
    </step><!-- duration: 842ms -->
  </step><!-- duration: 854ms -->
  <step title="Outgoing response" date="2025-10-12T20:53:56.967" type="response" statusCode="202" statusText="Accepted" /><!-- duration: 6ms -->
</step><!-- duration: 1007ms -->
