<step title="BackgroundTrace" date="2025-10-12T19:30:33.923" instance="d1bb16" url="/api/zipdeploy" method="POST" >
  <step title="Cleanup Xml Logs" date="2025-10-12T19:30:33.941" >
    <step title="Cleanup Infos" date="2025-10-12T19:30:33.982" totalFiles="292" totalCleanup="132" /><!-- duration: 10ms -->
  </step><!-- duration: 61ms -->
  <step title="Creating temporary deployment - FetchDeploymentManager" date="2025-10-12T19:30:34.241" /><!-- duration: 10ms -->
  <step title="Creating temporary deployment" date="2025-10-12T19:30:34.261" /><!-- duration: 160ms -->
  <step title="Performing fetch based deployment" date="2025-10-12T19:30:34.697" >
    <step title="Cleaning up temp folders from previous zip deployments and extracting pushed zip file /tmp/zipdeploy/a35e476b-803b-49d5-9a78-c8da2e3ca501.zip (26.38 MB) to /tmp/zipdeploy/extracted" date="2025-10-12T19:30:36.661" >
      <step title="ChmodRecursive Process exited with total time taken in ms: 580" date="2025-10-12T19:31:02.941" /><!-- duration: 17ms -->
    </step><!-- duration: 26315ms -->
    <step title="Deployment timer started" date="2025-10-12T19:31:05.048" >
      <step title="DeploymentManager.Deploy(id:c1c1800b-3fa1-4af5-883a-b7661b1a60e0)" date="2025-10-12T19:31:05.076" >
        <step title="Collecting changeset information" date="2025-10-12T19:31:05.175" /><!-- duration: 184ms -->
        <step title="Updating submodules" date="2025-10-12T19:31:05.394" /><!-- duration: 1326ms -->
        <step title="Determining deployment builder" date="2025-10-12T19:31:07.157" >
          <step title="Builder is OryxBuilder" date="2025-10-12T19:31:07.266" /><!-- duration: 17ms -->
        </step><!-- duration: 157ms -->
        <step title="PreDeployment: context.CleanOutputPath False" date="2025-10-12T19:31:07.484" >
          <step title="PreDeployment: context.OutputPath /home/site/wwwroot" date="2025-10-12T19:31:07.687" >
            <step title="Building" date="2025-10-12T19:31:07.982" >
              <step title="Executing external process" date="2025-10-12T19:31:08.692" type="process" path="bash" arguments="-c &quot;oryx build /tmp/zipdeploy/extracted -o /home/site/wwwroot --platform python --platform-version 3.11 -p virtualenv_name=antenv --log-file /tmp/build-debug.log  -i /tmp/8de09c5e41bef4e --compress-destination-dir | tee /tmp/oryx-build.log ; exit $PIPESTATUS &quot;" >
                <step title="Cpu: python(993,25.060s)+ts(994,0.170s)+build.sh(991,0.010s)+build.sh(989,0.000s)+build.sh(889,0.070s)+oryx(867,6.680s)+tee(868,0.000s)+bash(866,0.000s)=total(31.970s)" date="2025-10-12T19:33:19.198" /><!-- duration: 20ms -->
                <step title="bash: no io activity for 60s, prev-cpu=-1.000s, current-cpu=31.970s" date="2025-10-12T19:33:19.246" /><!-- duration: 31ms -->
              </step><!-- duration: 218244ms -->
              <step title="Using PythonDeploymentLogParser" date="2025-10-12T19:34:47.360" /><!-- duration: 10ms -->
              <step title="Triggering recycle (preview mode disabled)." date="2025-10-12T19:34:48.619" /><!-- duration: 12ms -->
              <step title="Modified file to trigger a restart of the app container." date="2025-10-12T19:34:48.691" /><!-- duration: 3ms -->
              <step title="Skip function trigger and logicapp sync because function is not enabled." date="2025-10-12T19:34:48.748" /><!-- duration: 5ms -->
              <step title="Purge deployment items" date="2025-10-12T19:34:49.875" >
                <step title="Remove 9e831152-, Failed, received at 10/12/2025 19:23:08" date="2025-10-12T19:34:49.942" /><!-- duration: 4ms -->
                <step title="Remove temp-0b3f, Failed, received at 10/12/2025 19:22:59" date="2025-10-12T19:34:50.010" /><!-- duration: 3ms -->
              </step><!-- duration: 142ms -->
            </step><!-- duration: 222110ms -->
          </step><!-- duration: 222410ms -->
          <step title="Cleaning up temp files" date="2025-10-12T19:34:50.100" /><!-- duration: 1459ms -->
          <step title="Cleaning up temp files" date="2025-10-12T19:34:51.568" /><!-- duration: 528ms -->
          <step title="Reloading status file with latest updates" date="2025-10-12T19:34:52.129" >
            <step title="WebHooksManager.PublishEventAsync: PostDeployment" date="2025-10-12T19:34:52.136" /><!-- duration: 206ms -->
          </step><!-- duration: 215ms -->
          <step title="Cleaning up temporary deployment - fetch deployment was successful" date="2025-10-12T19:34:52.352" /><!-- duration: 5ms -->
        </step><!-- duration: 224919ms -->
      </step><!-- duration: 227342ms -->
