<step title="BackgroundTrace" date="2025-10-09T23:35:47.097" instance="d1bb16" url="/api/zipdeploy" method="POST" >
  <step title="Cleanup Xml Logs" date="2025-10-09T23:35:47.701" >
    <step title="Cleanup Infos" date="2025-10-09T23:35:47.890" totalFiles="201" totalCleanup="41" /><!-- duration: 3189ms -->
  </step><!-- duration: 3601ms -->
  <step title="Creating temporary deployment - FetchDeploymentManager" date="2025-10-09T23:35:57.696" /><!-- duration: 7ms -->
  <step title="Creating temporary deployment" date="2025-10-09T23:35:57.798" /><!-- duration: 1184ms -->
  <step title="Performing fetch based deployment" date="2025-10-09T23:36:01.783" >
    <step title="Cleaning up temp folders from previous zip deployments and extracting pushed zip file /tmp/zipdeploy/78b50527-979f-486f-a35c-bfcc33b051e4.zip (0.13 MB) to /tmp/zipdeploy/extracted" date="2025-10-09T23:36:06.590" >
      <step title="ChmodRecursive Process exited with total time taken in ms: 302" date="2025-10-09T23:36:10.930" /><!-- duration: 42ms -->
    </step><!-- duration: 4480ms -->
    <step title="Deployment timer started" date="2025-10-09T23:36:13.324" >
      <step title="DeploymentManager.Deploy(id:40d1cee3-6413-4df2-a5dc-e32d2d057f04)" date="2025-10-09T23:36:13.401" >
        <step title="Collecting changeset information" date="2025-10-09T23:36:13.538" /><!-- duration: 1081ms -->
        <step title="Updating submodules" date="2025-10-09T23:36:14.932" /><!-- duration: 1846ms -->
        <step title="Determining deployment builder" date="2025-10-09T23:36:18.586" >
          <step title="Builder is OryxBuilder" date="2025-10-09T23:36:19.177" /><!-- duration: 102ms -->
        </step><!-- duration: 866ms -->
        <step title="PreDeployment: context.CleanOutputPath False" date="2025-10-09T23:36:19.945" >
          <step title="PreDeployment: context.OutputPath /home/site/wwwroot" date="2025-10-09T23:36:20.765" >
            <step title="Building" date="2025-10-09T23:36:21.294" >
              <step title="Executing external process" date="2025-10-09T23:36:23.582" type="process" path="bash" arguments="-c &quot;oryx build /tmp/zipdeploy/extracted -o /home/site/wwwroot --platform python --platform-version 3.11 -p virtualenv_name=antenv --log-file /tmp/build-debug.log  -i /tmp/8de078ca5fb9863 --compress-destination-dir | tee /tmp/oryx-build.log ; exit $PIPESTATUS &quot;" 