<step title="Incoming Request" date="2025-10-13T00:51:56.384" instance="d1bb16" url="/api/deployments/latest" method="GET" type="request" pid="774,1,88" Accept="*/*" Host="backend-ai-practice-questions-app.scm.azurewebsites.net" User-Agent="AZURECLI/2.77.0 (DEB)" Accept-Encoding="gzip, deflate" Authorization="Bea..." x-ms-client-request-id="c9f32ae6-a7ce-11f0-a35e-7c1e52433d3f" X-ARR-LOG-ID="c9f32ae6-a7ce-11f0-a35e-7c1e52433d3f" CLIENT-IP="68.154.38.18:60433" X-SITE-DEPLOYMENT-ID="backend-ai-practice-questions-app" WAS-DEFAULT-HOSTNAME="backend-ai-practice-questions-app.scm.azurewebsites.net" X-Forwarded-Proto="https" X-AppService-Proto="https" X-Forwarded-TlsVersion="1.3" X-WAWS-Unencoded-URL="/api/deployments/latest" X-Client-IP="68.154.38.18" X-Client-Port="60433" >
  <step title="Cleanup Xml Logs" date="2025-10-13T00:51:56.392" >
    <step title="Cleanup Infos" date="2025-10-13T00:51:56.440" totalFiles="381" totalCleanup="221" /><!-- duration: 11ms -->
  </step><!-- duration: 65ms -->
  <step title="DeploymentService.GetResult" date="2025-10-13T00:51:58.626" >
    <step title="DeploymentService.GetLatestDeployment" date="2025-10-13T00:51:58.643" >
      <step title="DeploymentManager.GetResults" date="2025-10-13T00:51:58.715" /><!-- duration: 1761ms -->
    </step><!-- duration: 1860ms -->
  </step><!-- duration: 1907ms -->
  <step title="Outgoing response" date="2025-10-13T00:52:00.758" type="response" statusCode="202" statusText="Accepted" /><!-- duration: 28ms -->
</step><!-- duration: 4412ms -->
