<step title="Incoming Request" date="2025-10-09T09:54:49.826" instance="d1bb16" url="/api/zipdeploy?isAsync=true&amp;deployer=GITHUB_ZIP_DEPLOY&amp;message=%7B%22type%22%3A%22deployment%22%2C%22sha%22%3A%227c9fcc6a2e7c3566ac202503c6d7ac74fa759607%22%2C%22repoName%22%3A%22imohweb%2FAI-Powered-certifications-exams-practice-questions%22%2C%22actor%22%3A%22imohweb%22%2C%22slotName%22%3A%22production%22%2C%22commitMessage%22%3A%22Add%20startup%20command%20configuration%20and%20startup.txt%20file%22%7D" method="POST" type="request" pid="773,1,15" Host="backend-ai-practice-questions-app.scm.azurewebsites.net" User-Agent="GITHUBACTIONS_DeployWebAppToAzure_0d43028f09a09b481439bb9449f84eb639cd990befe4bf0ccbd0e5f995bd7384" Authorization="Bea..." Content-Type="application/octet-stream" Cookie="ARRAffinity=d1bb16b0b07ed500a5589d686efd8d41b70fdb89fc955c56e7582796ccdcce9e;Path=/;HttpOnly;Secure;Domain=backend-ai-practice-questions-app.scm.azurewebsites.net; ARRAffinitySameSite=d1bb16b0b07ed500a5589d686efd8d41b70fdb89fc955c56e7582796ccdcce9e;Path=/;HttpOnly;SameSite=None;Secure;Domain=backend-ai-practice-questions-app.scm.azurewebsites.net" Transfer-Encoding="chunked" X-ARR-LOG-ID="dc3ea421-fb16-43bd-8fe7-a8df54fcdac3" CLIENT-IP="135.119.132.151:17440" X-SITE-DEPLOYMENT-ID="backend-ai-practice-questions-app" WAS-DEFAULT-HOSTNAME="backend-ai-practice-questions-app.scm.azurewebsites.net" X-Forwarded-Proto="https" X-AppService-Proto="https" X-Forwarded-TlsVersion="1.3" X-WAWS-Unencoded-URL="/api/zipdeploy?isAsync=true&amp;deployer=GITHUB_ZIP_DEPLOY&amp;message=%7B%22type%22%3A%22deployment%22%2C%22sha%22%3A%227c9fcc6a2e7c3566ac202503c6d7ac74fa759607%22%2C%22repoName%22%3A%22imohweb%2FAI-Powered-certifications-exams-practice-questions%22%2C%22actor%22%3A%22imohweb%22%2C%22slotName%22%3A%22production%22%2C%22commitMessage%22%3A%22Add%20startup%20command%20configuration%20and%20startup.txt%20file%22%7D" X-Client-IP="135.119.132.151" X-Client-Port="17440" >
  <step title="Cleanup Xml Logs" date="2025-10-09T09:54:49.864" /><!-- duration: 67ms -->
  <step title="ZipPushDeploy" date="2025-10-09T09:54:49.998" >
    <step title="ZipDeploy. Extract zip. Remote build." date="2025-10-09T09:54:50.037" /><!-- duration: 16ms -->
    <step title="Starting PushDeployAsync" date="2025-10-09T09:54:50.075" /><!-- duration: 37ms -->
    <step title="Writing artifact to /tmp/zipdeploy/96da0788-463f-4a43-9177-6352916990e3.zip" date="2025-10-09T09:54:50.163" >
      <step title="Writing multipart request body to /tmp/zipdeploy/96da0788-463f-4a43-9177-6352916990e3.zip" date="2025-10-09T09:54:50.182" /><!-- duration: 26ms -->
    </step><!-- duration: 137ms -->
    <step title="Start deployment in the background" date="2025-10-09T09:54:50.351" >
      <step title="Acquiring Deployment Lock" date="2025-10-09T09:54:50.435" /><!-- duration: 19ms -->
      <step title="Cannot Acquire Deployment Lock already held" date="2025-10-09T09:54:50.492" /><!-- duration: 20ms -->
    </step><!-- duration: 296ms -->
    <step title="There is a deployment currently in progress. Please try again when it completes." date="2025-10-09T09:54:50.713" /><!-- duration: 36ms -->
  </step><!-- duration: 779ms -->
  <step title="Outgoing response" date="2025-10-09T09:54:50.789" type="response" statusCode="409" statusText="Conflict" /><!-- duration: 64ms -->
</step><!-- duration: 1093ms -->
