<step title="Incoming Request" date="2025-10-09T11:48:45.227" instance="d1bb16" url="/api/zipdeploy?isAsync=true" method="POST" type="request" pid="770,1,5" Accept="*/*" Host="backend-ai-practice-questions-app.scm.azurewebsites.net" User-Agent="AZURECLI/2.77.0 (DEB)" Accept-Encoding="gzip, deflate" Authorization="Bea..." Cache-Control="no-cache" Content-Type="application/octet-stream" Content-Length="137731" x-ms-client-request-id="d3b9dc80-a505-11f0-a35e-000d3a305ffd" x-ms-artifact-checksum="2593988205eb51eb2f44dbc8396968dd26561025ada032e98582d2d7694412f2" X-ARR-LOG-ID="d3b9dc80-a505-11f0-a35e-000d3a305ffd" CLIENT-IP="40.65.56.224:19456" X-SITE-DEPLOYMENT-ID="backend-ai-practice-questions-app" WAS-DEFAULT-HOSTNAME="backend-ai-practice-questions-app.scm.azurewebsites.net" X-Forwarded-Proto="https" X-AppService-Proto="https" X-Forwarded-TlsVersion="1.3" X-WAWS-Unencoded-URL="/api/zipdeploy?isAsync=true" X-Client-IP="40.65.56.224" X-Client-Port="19456" >
  <step title="ZipPushDeploy" date="2025-10-09T11:48:46.120" >
    <step title="ZipDeploy. Extract zip. Remote build." date="2025-10-09T11:48:46.142" /><!-- duration: 7ms -->
    <step title="None repository commit" date="2025-10-09T11:48:46.158" >
      <step title="Commit id: 2228c770-af7d-4f94-92d8-1b621b363cc9" date="2025-10-09T11:48:46.162" Message="N/A" AuthorName="N/A" AuthorEmail="N/A" /><!-- duration: 5ms -->
    </step><!-- duration: 13ms -->
    <step title="Starting PushDeployAsync" date="2025-10-09T11:48:46.174" /><!-- duration: 4ms -->
    <step title="Writing artifact to /tmp/zipdeploy/78d5ec11-e77f-43c8-a1ce-8f5aed987d9a.zip" date="2025-10-09T11:48:46.224" >
      <step title="Writing multipart request body to /tmp/zipdeploy/78d5ec11-e77f-43c8-a1ce-8f5aed987d9a.zip" date="2025-10-09T11:48:46.238" /><!-- duration: 15ms -->
    </step><!-- duration: 145ms -->
    <step title="Removing previous build artifact&apos;s manifest file" date="2025-10-09T11:48:46.380" >
      <step title="Start deployment in the background" date="2025-10-09T11:48:46.408" >
        <step title="Acquiring Deployment Lock" date="2025-10-09T11:48:46.450" /><!-- duration: 6ms -->
        <step title="Acquired Deployment Lock" date="2025-10-09T11:48:46.546" /><!-- duration: 4ms -->
      </step><!-- duration: 259ms -->
    </step><!-- duration: 294ms -->
    <step title="Outgoing response" date="2025-10-09T11:48:46.702" type="response" statusCode="202" statusText="Accepted" /><!-- duration: 7ms -->
  </step><!-- duration: 599ms -->
