<step title="Incoming Request" date="2025-10-12T20:01:47.320" instance="d1bb16" url="/api/zipdeploy?isAsync=true" method="POST" type="request" pid="774,1,41" Accept="*/*" Host="backend-ai-practice-questions-app.scm.azurewebsites.net" User-Agent="AZURECLI/2.77.0 (DEB)" Accept-Encoding="gzip, deflate" Authorization="Bea..." Cache-Control="no-cache" Content-Type="application/octet-stream" Content-Length="27661733" x-ms-client-request-id="45bbc56c-a7a6-11f0-a35e-7c1e52f06460" x-ms-artifact-checksum="7a143e5bfce7f4286f145b43b21d48030c94167286678de151fb456eb0979a4a" X-ARR-LOG-ID="45bbc56c-a7a6-11f0-a35e-7c1e52f06460" CLIENT-IP="20.161.77.163:20504" X-SITE-DEPLOYMENT-ID="backend-ai-practice-questions-app" WAS-DEFAULT-HOSTNAME="backend-ai-practice-questions-app.scm.azurewebsites.net" X-Forwarded-Proto="https" X-AppService-Proto="https" X-Forwarded-TlsVersion="1.3" X-WAWS-Unencoded-URL="/api/zipdeploy?isAsync=true" X-Client-IP="20.161.77.163" X-Client-Port="20504" >
  <step title="Cleanup Xml Logs" date="2025-10-12T20:01:47.331" >
    <step title="Cleanup Infos" date="2025-10-12T20:01:47.351" totalFiles="328" totalCleanup="168" /><!-- duration: 14ms -->
  </step><!-- duration: 41ms -->
  <step title="ZipPushDeploy" date="2025-10-12T20:01:47.591" >
    <step title="ZipDeploy. Extract zip. Remote build." date="2025-10-12T20:01:47.611" /><!-- duration: 3ms -->
    <step title="Starting PushDeployAsync" date="2025-10-12T20:01:47.633" /><!-- duration: 6ms -->
    <step title="Writing artifact to /tmp/zipdeploy/d2d33ad6-64f9-45e5-aad1-e2e31958e122.zip" date="2025-10-12T20:01:47.692" >
      <step title="Writing multipart request body to /tmp/zipdeploy/d2d33ad6-64f9-45e5-aad1-e2e31958e122.zip" date="2025-10-12T20:01:47.697" /><!-- duration: 6ms -->
    </step><!-- duration: 1748ms -->
    <step title="Removing previous build artifact&apos;s manifest file" date="2025-10-12T20:01:49.469" >
      <step title="Start deployment in the background" date="2025-10-12T20:01:49.518" >
        <step title="Acquiring Deployment Lock" date="2025-10-12T20:01:49.583" /><!-- duration: 4ms -->
        <step title="Acquired Deployment Lock" date="2025-10-12T20:01:49.694" /><!-- duration: 32ms -->
      </step><!-- duration: 407ms -->
    </step><!-- duration: 485ms -->
    <step title="Outgoing response" date="2025-10-12T20:01:49.987" type="response" statusCode="202" statusText="Accepted" /><!-- duration: 16ms -->
  </step><!-- duration: 2416ms -->
