<step title="Incoming Request" date="2025-10-12T20:02:00.733" instance="d1bb16" url="/api/deployments/latest" method="GET" type="request" pid="774,1,43" Accept="*/*" Host="backend-ai-practice-questions-app.scm.azurewebsites.net" User-Agent="AZURECLI/2.77.0 (DEB)" Accept-Encoding="gzip, deflate" Authorization="Bea..." x-ms-client-request-id="45bbc56c-a7a6-11f0-a35e-7c1e52f06460" X-ARR-LOG-ID="45bbc56c-a7a6-11f0-a35e-7c1e52f06460" CLIENT-IP="20.161.77.163:20506" X-SITE-DEPLOYMENT-ID="backend-ai-practice-questions-app" WAS-DEFAULT-HOSTNAME="backend-ai-practice-questions-app.scm.azurewebsites.net" X-Forwarded-Proto="https" X-AppService-Proto="https" X-Forwarded-TlsVersion="1.3" X-WAWS-Unencoded-URL="/api/deployments/latest" X-Client-IP="20.161.77.163" X-Client-Port="20506" >
  <step title="Cleanup Xml Logs" date="2025-10-12T20:02:00.747" >
    <step title="Cleanup Infos" date="2025-10-12T20:02:00.759" totalFiles="331" totalCleanup="171" /><!-- duration: 6ms -->
  </step><!-- duration: 21ms -->
  <step title="DeploymentService.GetResult" date="2025-10-12T20:02:00.775" >
    <step title="DeploymentService.GetLatestDeployment" date="2025-10-12T20:02:00.779" >
      <step title="DeploymentManager.GetResults" date="2025-10-12T20:02:00.783" /><!-- duration: 471ms -->
    </step><!-- duration: 481ms -->
  </step><!-- duration: 488ms -->
  <step title="Outgoing response" date="2025-10-12T20:02:01.272" type="response" statusCode="202" statusText="Accepted" /><!-- duration: 8ms -->
</step><!-- duration: 550ms -->
