<step title="Incoming Request" date="2025-10-12T23:30:51.217" instance="d1bb16" url="/api/zipdeploy?isAsync=true" method="POST" type="request" pid="774,1,3" Accept="*/*" Host="backend-ai-practice-questions-app.scm.azurewebsites.net" User-Agent="AZURECLI/2.77.0 (DEB)" Accept-Encoding="gzip, deflate" Authorization="Bea..." Cache-Control="no-cache" Content-Type="application/octet-stream" Content-Length="27661830" x-ms-client-request-id="7ad92876-a7c3-11f0-a35e-000d3a3d9b32" x-ms-artifact-checksum="228f0ada65668fb26dd47320e9ed992c090f24035bb78a123b56aa99f1e08d32" X-ARR-LOG-ID="7ad92876-a7c3-11f0-a35e-000d3a3d9b32" CLIENT-IP="64.236.140.164:42016" X-SITE-DEPLOYMENT-ID="backend-ai-practice-questions-app" WAS-DEFAULT-HOSTNAME="backend-ai-practice-questions-app.scm.azurewebsites.net" X-Forwarded-Proto="https" X-AppService-Proto="https" X-Forwarded-TlsVersion="1.3" X-WAWS-Unencoded-URL="/api/zipdeploy?isAsync=true" X-Client-IP="64.236.140.164" X-Client-Port="42016" >
  <step title="Cleanup Xml Logs" date="2025-10-12T23:30:51.232" >
    <step title="Cleanup Infos" date="2025-10-12T23:30:51.265" totalFiles="362" totalCleanup="202" /><!-- duration: 18ms -->
  </step><!-- duration: 61ms -->
  <step title="ZipPushDeploy" date="2025-10-12T23:30:51.544" >
    <step title="ZipDeploy. Extract zip. Remote build." date="2025-10-12T23:30:51.577" /><!-- duration: 5ms -->
    <step title="Starting PushDeployAsync" date="2025-10-12T23:30:51.599" /><!-- duration: 6ms -->
    <step title="Writing artifact to /tmp/zipdeploy/0e3b160f-a9d9-4af4-b11c-9661231e9682.zip" date="2025-10-12T23:30:51.692" >
      <step title="Writing multipart request body to /tmp/zipdeploy/0e3b160f-a9d9-4af4-b11c-9661231e9682.zip" date="2025-10-12T23:30:51.755" /><!-- duration: 5ms -->
    </step><!-- duration: 1524ms -->
    <step title="Removing previous build artifact&apos;s manifest file" date="2025-10-12T23:30:53.235" >
      <step title="Start deployment in the background" date="2025-10-12T23:30:53.286" >
        <step title="Acquiring Deployment Lock" date="2025-10-12T23:30:53.373" /><!-- duration: 4ms -->
        <step title="Acquired Deployment Lock" date="2025-10-12T23:30:53.467" /><!-- duration: 14ms -->
      </step><!-- duration: 746ms -->
    </step><!-- duration: 830ms -->
    <step title="Outgoing response" date="2025-10-12T23:30:54.096" type="response" statusCode="202" statusText="Accepted" /><!-- duration: 8ms -->
  </step><!-- duration: 2564ms -->
