<step title="BackgroundTrace" date="2025-10-12T19:22:58.914" instance="d1bb16" url="/api/zipdeploy" method="POST" >
  <step title="Cleanup Xml Logs" date="2025-10-12T19:22:58.918" >
    <step title="Cleanup Infos" date="2025-10-12T19:22:58.938" totalFiles="272" totalCleanup="112" /><!-- duration: 5ms -->
  </step><!-- duration: 28ms -->
  <step title="Creating temporary deployment - FetchDeploymentManager" date="2025-10-12T19:22:59.077" /><!-- duration: 4ms -->
  <step title="Creating temporary deployment" date="2025-10-12T19:22:59.086" /><!-- duration: 146ms -->
  <step title="Performing fetch based deployment" date="2025-10-12T19:22:59.323" >
    <step title="Cleaning up temp folders from previous zip deployments and extracting pushed zip file /tmp/zipdeploy/1e187f74-06cb-4af6-b4ca-8398bdf497ff.zip (26.38 MB) to /tmp/zipdeploy/extracted" date="2025-10-12T19:23:00.608" >
      <step title="ChmodRecursive Process exited with total time taken in ms: 663" date="2025-10-12T19:23:06.682" /><!-- duration: 10ms -->
    </step><!-- duration: 6114ms -->
    <step title="Deployment timer started" date="2025-10-12T19:23:08.798" >
      <step title="DeploymentManager.Deploy(id:9e831152-b979-4550-8608-a3cc2d7fde12)" date="2025-10-12T19:23:08.808" >
        <step title="Collecting changeset information" date="2025-10-12T19:23:08.855" /><!-- duration: 105ms -->
        <step title="Updating submodules" date="2025-10-12T19:23:08.966" /><!-- duration: 1119ms -->
        <step title="Determining deployment builder" date="2025-10-12T19:23:10.347" >
          <step title="Builder is OryxBuilder" date="2025-10-12T19:23:10.376" /><!-- duration: 9ms -->
        </step><!-- duration: 42ms -->
        <step title="PreDeployment: context.CleanOutputPath False" date="2025-10-12T19:23:10.450" >
          <step title="PreDeployment: context.OutputPath /home/site/wwwroot" date="2025-10-12T19:23:10.556" >
            <step title="Building" date="2025-10-12T19:23:10.703" >
              <step title="Executing external process" date="2025-10-12T19:23:11.116" type="process" path="bash" arguments="-c &quot;oryx build /tmp/zipdeploy/extracted -o /home/site/wwwroot --platform python --platform-version 3.11 -p virtualenv_name=antenv --log-file /tmp/build-debug.log  -i /tmp/8de09c4c7d3390a --compress-destination-dir | tee /tmp/oryx-build.log ; exit $PIPESTATUS &quot;" >
                <step title="Cpu: gzip(1843,10.990s)+sh(1842,0.000s)+tar(1841,0.660s)+build.sh(1660,0.060s)+oryx(1641,6.820s)+tee(1642,0.000s)+bash(1640,0.000s)=total(18.520s)" date="2025-10-12T19:26:35.910" /><!-- duration: 35ms -->
                <step title="bash: no io activity for 60s, prev-cpu=-1.000s, current-cpu=18.520s" date="2025-10-12T19:26:35.969" /><!-- duration: 36ms -->
