<step title="Incoming Request" date="2025-10-12T20:53:49.575" instance="d1bb16" url="/api/deployments/latest" method="GET" type="request" pid="774,1,22" Accept="*/*" Host="backend-ai-practice-questions-app.scm.azurewebsites.net" User-Agent="AZURECLI/2.77.0 (DEB)" Accept-Encoding="gzip, deflate" Authorization="Bea..." x-ms-client-request-id="85ad12f0-a7ad-11f0-a35e-00224804db9f" X-ARR-LOG-ID="85ad12f0-a7ad-11f0-a35e-00224804db9f" CLIENT-IP="68.220.58.3:19489" X-SITE-DEPLOYMENT-ID="backend-ai-practice-questions-app" WAS-DEFAULT-HOSTNAME="backend-ai-practice-questions-app.scm.azurewebsites.net" X-Forwarded-Proto="https" X-AppService-Proto="https" X-Forwarded-TlsVersion="1.3" X-WAWS-Unencoded-URL="/api/deployments/latest" X-Client-IP="68.220.58.3" X-Client-Port="19489" >
  <step title="Cleanup Xml Logs" date="2025-10-12T20:53:49.584" >
    <step title="Cleanup Infos" date="2025-10-12T20:53:49.623" totalFiles="348" totalCleanup="188" /><!-- duration: 65ms -->
  </step><!-- duration: 114ms -->
  <step title="DeploymentService.GetResult" date="2025-10-12T20:53:49.817" >
    <step title="DeploymentService.GetLatestDeployment" date="2025-10-12T20:53:49.929" >
      <step title="DeploymentManager.GetResults" date="2025-10-12T20:53:49.949" /><!-- duration: 1939ms -->
    </step><!-- duration: 1992ms -->
  </step><!-- duration: 2119ms -->
  <step title="Outgoing response" date="2025-10-12T20:53:52.022" type="response" statusCode="202" statusText="Accepted" /><!-- duration: 4ms -->
</step><!-- duration: 2460ms -->
