<step title="Incoming Request" date="2025-10-12T19:30:29.652" instance="d1bb16" url="/api/zipdeploy?isAsync=true" method="POST" type="request" pid="774,1,20" Accept="*/*" Host="backend-ai-practice-questions-app.scm.azurewebsites.net" User-Agent="AZURECLI/2.77.0 (DEB)" Accept-Encoding="gzip, deflate" Authorization="Bea..." Cache-Control="no-cache" Content-Type="application/octet-stream" Content-Length="27661460" x-ms-client-request-id="e6581a52-a7a1-11f0-a35e-00224808ecda" x-ms-artifact-checksum="7e2b09569930018b3b565593207d77b628059645b9fda4bea2181fe793967158" X-ARR-LOG-ID="e6581a52-a7a1-11f0-a35e-00224808ecda" CLIENT-IP="172.184.174.120:2072" X-SITE-DEPLOYMENT-ID="backend-ai-practice-questions-app" WAS-DEFAULT-HOSTNAME="backend-ai-practice-questions-app.scm.azurewebsites.net" X-Forwarded-Proto="https" X-AppService-Proto="https" X-Forwarded-TlsVersion="1.3" X-WAWS-Unencoded-URL="/api/zipdeploy?isAsync=true" X-Client-IP="172.184.174.120" X-Client-Port="2072" >
  <step title="Cleanup Xml Logs" date="2025-10-12T19:30:29.701" >
    <step title="Cleanup Infos" date="2025-10-12T19:30:29.835" totalFiles="291" totalCleanup="131" /><!-- duration: 74ms -->
  </step><!-- duration: 218ms -->
  <step title="ZipPushDeploy" date="2025-10-12T19:30:30.543" >
    <step title="ZipDeploy. Extract zip. Remote build." date="2025-10-12T19:30:30.570" /><!-- duration: 10ms -->
    <step title="None repository commit" date="2025-10-12T19:30:30.666" >
      <step title="Commit id: c1c1800b-3fa1-4af5-883a-b7661b1a60e0" date="2025-10-12T19:30:30.696" Message="N/A" AuthorName="N/A" AuthorEmail="N/A" /><!-- duration: 10ms -->
    </step><!-- duration: 49ms -->
    <step title="Starting PushDeployAsync" date="2025-10-12T19:30:30.726" /><!-- duration: 8ms -->
    <step title="Writing artifact to /tmp/zipdeploy/a35e476b-803b-49d5-9a78-c8da2e3ca501.zip" date="2025-10-12T19:30:30.799" >
      <step title="Writing multipart request body to /tmp/zipdeploy/a35e476b-803b-49d5-9a78-c8da2e3ca501.zip" date="2025-10-12T19:30:30.847" /><!-- duration: 31ms -->
    </step><!-- duration: 2989ms -->
    <step title="Start deployment in the background" date="2025-10-12T19:30:33.886" >
      <step title="Acquiring Deployment Lock" date="2025-10-12T19:30:34.029" /><!-- duration: 11ms -->
      <step title="Acquired Deployment Lock" date="2025-10-12T19:30:34.213" /><!-- duration: 18ms -->
    </step><!-- duration: 554ms -->
  </step><!-- duration: 3976ms -->
  <step title="Outgoing response" date="2025-10-12T19:30:34.581" type="response" statusCode="202" statusText="Accepted" /><!-- duration: 3ms -->
</step><!-- duration: 4935ms -->
