<step title="Incoming Request" date="2025-10-09T23:50:33.366" instance="d1bb16" url="/api/deployments/latest" method="GET" type="request" pid="770,1,32" Accept="*/*" Host="backend-ai-practice-questions-app.scm.azurewebsites.net" User-Agent="AZURECLI/2.77.0 (DEB)" Accept-Encoding="gzip, deflate" Authorization="Bea..." x-ms-client-request-id="b47732d6-a56a-11f0-a35e-7c1e529ceded" X-ARR-LOG-ID="b47732d6-a56a-11f0-a35e-7c1e529ceded" CLIENT-IP="20.161.30.192:48065" X-SITE-DEPLOYMENT-ID="backend-ai-practice-questions-app" WAS-DEFAULT-HOSTNAME="backend-ai-practice-questions-app.scm.azurewebsites.net" X-Forwarded-Proto="https" X-AppService-Proto="https" X-Forwarded-TlsVersion="1.3" X-WAWS-Unencoded-URL="/api/deployments/latest" X-Client-IP="20.161.30.192" X-Client-Port="48065" >
  <step title="Cleanup Xml Logs" date="2025-10-09T23:50:33.390" >
    <step title="Cleanup Infos" date="2025-10-09T23:50:33.439" totalFiles="207" totalCleanup="47" /><!-- duration: 36ms -->
  </step><!-- duration: 104ms -->
  <step title="DeploymentService.GetResult" date="2025-10-09T23:50:33.558" >
    <step title="DeploymentService.GetLatestDeployment" date="2025-10-09T23:50:33.561" >
      <step title="DeploymentManager.GetResults" date="2025-10-09T23:50:33.565" /><!-- duration: 1482ms -->
    </step><!-- duration: 1490ms -->
  </step><!-- duration: 1499ms -->
  <step title="Outgoing response" date="2025-10-09T23:50:35.068" type="response" statusCode="202" statusText="Accepted" /><!-- duration: 5ms -->
</step><!-- duration: 1710ms -->
