<step title="BackgroundTrace" date="2025-10-12T19:48:24.838" instance="d1bb16" url="/api/zipdeploy" method="POST" >
  <step title="Cleanup Xml Logs" date="2025-10-12T19:48:24.848" >
    <step title="Cleanup Infos" date="2025-10-12T19:48:24.870" totalFiles="313" totalCleanup="153" /><!-- duration: 17ms -->
  </step><!-- duration: 48ms -->
  <step title="Creating temporary deployment - FetchDeploymentManager" date="2025-10-12T19:48:25.182" /><!-- duration: 7ms -->
  <step title="Creating temporary deployment" date="2025-10-12T19:48:25.207" /><!-- duration: 273ms -->
  <step title="Performing fetch based deployment" date="2025-10-12T19:48:25.774" >
    <step title="Cleaning up temp folders from previous zip deployments and extracting pushed zip file /tmp/zipdeploy/1bb7e17b-7088-4d73-96ac-0a0cbbb0bf8a.zip (26.38 MB) to /tmp/zipdeploy/extracted" date="2025-10-12T19:48:27.069" >
      <step title="ChmodRecursive Process exited with total time taken in ms: 233" date="2025-10-12T19:48:35.484" /><!-- duration: 7ms -->
    </step><!-- duration: 8459ms -->
    <step title="Deployment timer started" date="2025-10-12T19:48:37.545" >
      <step title="DeploymentManager.Deploy(id:7ce91965-70a5-44e9-85bd-b998adc5dfac)" date="2025-10-12T19:48:37.576" >
        <step title="Collecting changeset information" date="2025-10-12T19:48:37.652" /><!-- duration: 155ms -->
        <step title="Updating submodules" date="2025-10-12T19:48:37.812" /><!-- duration: 1123ms -->
        <step title="Determining deployment builder" date="2025-10-12T19:48:39.479" >
          <step title="Builder is OryxBuilder" date="2025-10-12T19:48:39.602" /><!-- duration: 9ms -->
        </step><!-- duration: 141ms -->
        <step title="PreDeployment: context.CleanOutputPath False" date="2025-10-12T19:48:39.776" >
          <step title="PreDeployment: context.OutputPath /home/site/wwwroot" date="2025-10-12T19:48:39.935" >
            <step title="Building" date="2025-10-12T19:48:40.102" >
              <step title="Executing external process" date="2025-10-12T19:48:40.588" type="process" path="bash" arguments="-c &quot;oryx build /tmp/zipdeploy/extracted -o /home/site/wwwroot --platform python --platform-version 3.11 -p virtualenv_name=antenv --log-file /tmp/build-debug.log  -i /tmp/8de09c85753c195 --compress-destination-dir | tee /tmp/oryx-build.log ; exit $PIPESTATUS &quot;" >
                <step title="Cpu: python(1412,33.220s)+ts(1413,0.120s)+build.sh(1411,0.000s)+build.sh(1410,0.000s)+build.sh(1325,0.070s)+oryx(1306,4.380s)+tee(1307,0.000s)+bash(1305,0.000s)=total(37.780s)" date="2025-10-12T19:50:08.438" /><!-- duration: 45ms -->
                <step title="bash: no io activity for 61s, prev-cpu=-1.000s, current-cpu=37.780s" date="2025-10-12T19:50:08.494" /><!-- duration: 10ms -->
              </step><!-- duration: 165797ms -->
              <step title="Using PythonDeploymentLogParser" date="2025-10-12T19:51:26.784" /><!-- duration: 4ms -->
              <step title="Triggering recycle (preview mode disabled)." date="2025-10-12T19:51:29.095" /><!-- duration: 15ms -->
              <step title="Modified file to trigger a restart of the app container." date="2025-10-12T19:51:29.159" /><!-- duration: 9ms -->
              <step title="Skip function trigger and logicapp sync because function is not enabled." date="2025-10-12T19:51:29.178" /><!-- duration: 26ms -->
            </step><!-- duration: 170262ms -->
          </step><!-- duration: 170446ms -->
          <step title="Cleaning up temp files" date="2025-10-12T19:51:30.387" /><!-- duration: 1816ms -->
          <step title="Cleaning up temp files" date="2025-10-12T19:51:32.214" /><!-- duration: 508ms -->
          <step title="Reloading status file with latest updates" date="2025-10-12T19:51:32.816" >
            <step title="WebHooksManager.PublishEventAsync: PostDeployment" date="2025-10-12T19:51:32.823" /><!-- duration: 82ms -->
          </step><!-- duration: 94ms -->
          <step title="Cleaning up temporary deployment - fetch deployment was successful" date="2025-10-12T19:51:32.931" /><!-- duration: 4ms -->
        </step><!-- duration: 173211ms -->
      </step><!-- duration: 175460ms -->
