<step title="Incoming Request" date="2025-10-09T23:50:25.626" instance="d1bb16" url="/api/zipdeploy?isAsync=true" method="POST" type="request" pid="770,1,32" Accept="*/*" Host="backend-ai-practice-questions-app.scm.azurewebsites.net" User-Agent="AZURECLI/2.77.0 (DEB)" Accept-Encoding="gzip, deflate" Authorization="Bea..." Cache-Control="no-cache" Content-Type="application/octet-stream" Content-Length="137731" x-ms-client-request-id="b47732d6-a56a-11f0-a35e-7c1e529ceded" x-ms-artifact-checksum="ce10acf2a8da35387367a8a067cbf4a14cf6cb6864f75e1c8864b32398868d38" X-ARR-LOG-ID="b47732d6-a56a-11f0-a35e-7c1e529ceded" CLIENT-IP="20.161.30.192:48064" X-SITE-DEPLOYMENT-ID="backend-ai-practice-questions-app" WAS-DEFAULT-HOSTNAME="backend-ai-practice-questions-app.scm.azurewebsites.net" X-Forwarded-Proto="https" X-AppService-Proto="https" X-Forwarded-TlsVersion="1.3" X-WAWS-Unencoded-URL="/api/zipdeploy?isAsync=true" X-Client-IP="20.161.30.192" X-Client-Port="48064" >
  <step title="Cleanup Xml Logs" date="2025-10-09T23:50:25.676" >
    <step title="Cleanup Infos" date="2025-10-09T23:50:25.746" totalFiles="205" totalCleanup="45" /><!-- duration: 35ms -->
  </step><!-- duration: 109ms -->
  <step title="ZipPushDeploy" date="2025-10-09T23:50:26.385" >
    <step title="ZipDeploy. Extract zip. Remote build." date="2025-10-09T23:50:26.521" /><!-- duration: 9ms -->
    <step title="None repository commit" date="2025-10-09T23:50:26.628" >
      <step title="Commit id: 8a8b8879-363a-4fc2-bd2c-79e710d44726" date="2025-10-09T23:50:26.712" Message="N/A" AuthorName="N/A" AuthorEmail="N/A" /><!-- duration: 18ms -->
    </step><!-- duration: 113ms -->
    <step title="Starting PushDeployAsync" date="2025-10-09T23:50:26.761" /><!-- duration: 17ms -->
    <step title="Writing artifact to /tmp/zipdeploy/d8e4b736-78c2-4871-ba9a-668b22257822.zip" date="2025-10-09T23:50:26.926" >
      <step title="Writing multipart request body to /tmp/zipdeploy/d8e4b736-78c2-4871-ba9a-668b22257822.zip" date="2025-10-09T23:50:27.002" /><!-- duration: 10ms -->
    </step><!-- duration: 649ms -->
    <step title="Start deployment in the background" date="2025-10-09T23:50:27.632" >
      <step title="Acquiring Deployment Lock" date="2025-10-09T23:50:27.792" /><!-- duration: 89ms -->
      <step title="Acquired Deployment Lock" date="2025-10-09T23:50:28.112" /><!-- duration: 19ms -->
    </step><!-- duration: 1362ms -->
  </step><!-- duration: 2788ms -->
  <step title="Outgoing response" date="2025-10-09T23:50:29.275" type="response" statusCode="202" statusText="Accepted" /><!-- duration: 9ms -->
</step><!-- duration: 3705ms -->
