<step title="Incoming Request" date="2025-10-09T12:34:42.198" instance="d1bb16" url="/api/zipdeploy?isAsync=true" method="POST" type="request" pid="774,1,18" Accept="*/*" Host="backend-ai-practice-questions-app.scm.azurewebsites.net" User-Agent="AZURECLI/2.77.0 (DEB)" Accept-Encoding="gzip, deflate" Authorization="Bea..." Cache-Control="no-cache" Content-Type="application/octet-stream" Content-Length="137731" x-ms-client-request-id="4f5eb1de-a50c-11f0-a35e-6045bd345f52" x-ms-artifact-checksum="fa925711d056f29ef458711b782eadafacad0373c8c676f8fb3454e0517e2eb0" X-ARR-LOG-ID="4f5eb1de-a50c-11f0-a35e-6045bd345f52" CLIENT-IP="52.154.130.217:8192" X-SITE-DEPLOYMENT-ID="backend-ai-practice-questions-app" WAS-DEFAULT-HOSTNAME="backend-ai-practice-questions-app.scm.azurewebsites.net" X-Forwarded-Proto="https" X-AppService-Proto="https" X-Forwarded-TlsVersion="1.3" X-WAWS-Unencoded-URL="/api/zipdeploy?isAsync=true" X-Client-IP="52.154.130.217" X-Client-Port="8192" >
  <step title="ZipPushDeploy" date="2025-10-09T12:34:45.782" >
    <step title="ZipDeploy. Extract zip. Remote build." date="2025-10-09T12:34:45.820" /><!-- duration: 10ms -->
    <step title="None repository commit" date="2025-10-09T12:34:45.857" >
      <step title="Commit id: f3185233-3c16-4187-ab47-b61a116e20cd" date="2025-10-09T12:34:45.868" Message="N/A" AuthorName="N/A" AuthorEmail="N/A" /><!-- duration: 9ms -->
    </step><!-- duration: 28ms -->
    <step title="Starting PushDeployAsync" date="2025-10-09T12:34:45.895" /><!-- duration: 9ms -->
    <step title="Writing artifact to /tmp/zipdeploy/cbb38df6-3b19-412f-bb38-8e1a151352f8.zip" date="2025-10-09T12:34:46.002" >
      <step title="Writing multipart request body to /tmp/zipdeploy/cbb38df6-3b19-412f-bb38-8e1a151352f8.zip" date="2025-10-09T12:34:46.022" /><!-- duration: 28ms -->
    </step><!-- duration: 1000ms -->
    <step title="Removing previous build artifact&apos;s manifest file" date="2025-10-09T12:34:47.038" >
      <step title="Start deployment in the background" date="2025-10-09T12:34:47.088" >
        <step title="Acquiring Deployment Lock" date="2025-10-09T12:34:47.227" /><!-- duration: 152ms -->
        <step title="Acquired Deployment Lock" date="2025-10-09T12:34:47.687" /><!-- duration: 10ms -->
      </step><!-- duration: 1043ms -->
    </step><!-- duration: 1209ms -->
    <step title="Outgoing response" date="2025-10-09T12:34:48.605" type="response" statusCode="202" statusText="Accepted" /><!-- duration: 11ms -->
  </step><!-- duration: 2843ms -->
