<step title="Incoming Request" date="2025-10-10T01:28:54.808" instance="d1bb16" url="/api/deployments/latest" method="GET" type="request" pid="769,1,7" Accept="*/*" Host="backend-ai-practice-questions-app.scm.azurewebsites.net" User-Agent="AZURECLI/2.77.0 (DEB)" Accept-Encoding="gzip, deflate" Authorization="Bea..." x-ms-client-request-id="70a25078-a578-11f0-a35e-6045bd02e859" X-ARR-LOG-ID="70a25078-a578-11f0-a35e-6045bd02e859" CLIENT-IP="52.225.25.102:3074" X-SITE-DEPLOYMENT-ID="backend-ai-practice-questions-app" WAS-DEFAULT-HOSTNAME="backend-ai-practice-questions-app.scm.azurewebsites.net" X-Forwarded-Proto="https" X-AppService-Proto="https" X-Forwarded-TlsVersion="1.3" X-WAWS-Unencoded-URL="/api/deployments/latest" X-Client-IP="52.225.25.102" X-Client-Port="3074" >
  <step title="Cleanup Xml Logs" date="2025-10-10T01:28:54.821" >
    <step title="Cleanup Infos" date="2025-10-10T01:28:54.876" totalFiles="235" totalCleanup="75" /><!-- duration: 19ms -->
  </step><!-- duration: 84ms -->
  <step title="DeploymentService.GetResult" date="2025-10-10T01:28:54.945" >
    <step title="DeploymentService.GetLatestDeployment" date="2025-10-10T01:28:54.954" >
      <step title="DeploymentManager.GetResults" date="2025-10-10T01:28:54.963" /><!-- duration: 1339ms -->
    </step><!-- duration: 1369ms -->
  </step><!-- duration: 1389ms -->
  <step title="Outgoing response" date="2025-10-10T01:28:56.352" type="response" statusCode="202" statusText="Accepted" /><!-- duration: 17ms -->
</step><!-- duration: 1571ms -->
