<step title="BackgroundTrace" date="2025-10-13T01:24:51.326" instance="d1bb16" url="/api/zipdeploy" method="POST" >
  <step title="Cleanup Xml Logs" date="2025-10-13T01:24:51.333" >
    <step title="Cleanup Infos" date="2025-10-13T01:24:51.355" totalFiles="398" totalCleanup="238" /><!-- duration: 5ms -->
  </step><!-- duration: 29ms -->
  <step title="Creating temporary deployment - FetchDeploymentManager" date="2025-10-13T01:24:51.455" /><!-- duration: 4ms -->
  <step title="Creating temporary deployment" date="2025-10-13T01:24:51.464" /><!-- duration: 73ms -->
  <step title="Performing fetch based deployment" date="2025-10-13T01:24:51.627" >
    <step title="Cleaning up temp folders from previous zip deployments and extracting pushed zip file /tmp/zipdeploy/d98c203c-e94c-449d-8dd9-175e663ef57e.zip (26.38 MB) to /tmp/zipdeploy/extracted" date="2025-10-13T01:24:52.846" >
      <step title="ChmodRecursive Process exited with total time taken in ms: 279" date="2025-10-13T01:24:57.615" /><!-- duration: 16ms -->
    </step><!-- duration: 4810ms -->
    <step title="Deployment timer started" date="2025-10-13T01:24:59.676" >
      <step title="DeploymentManager.Deploy(id:d10cfe77-940f-4ec1-bc3e-370218c8a7e8)" date="2025-10-13T01:24:59.691" >
        <step title="Collecting changeset information" date="2025-10-13T01:24:59.732" /><!-- duration: 122ms -->
        <step title="Updating submodules" date="2025-10-13T01:24:59.862" /><!-- duration: 1114ms -->
        <step title="Determining deployment builder" date="2025-10-13T01:25:01.231" >
          <step title="Builder is OryxBuilder" date="2025-10-13T01:25:01.249" /><!-- duration: 17ms -->
        </step><!-- duration: 55ms -->
        <step title="PreDeployment: context.CleanOutputPath False" date="2025-10-13T01:25:01.360" >
          <step title="PreDeployment: context.OutputPath /home/site/wwwroot" date="2025-10-13T01:25:01.672" >
            <step title="Building" date="2025-10-13T01:25:02.029" >
              <step title="Executing external process" date="2025-10-13T01:25:02.740" type="process" path="bash" arguments="-c &quot;oryx build /tmp/zipdeploy/extracted -o /home/site/wwwroot --platform python --platform-version 3.11 -p virtualenv_name=antenv --log-file /tmp/build-debug.log  -i /tmp/8de09f754873da8 --compress-destination-dir | tee /tmp/oryx-build.log ; exit $PIPESTATUS &quot;" /><!-- duration: 209793ms -->
              <step title="Using PythonDeploymentLogParser" date="2025-10-13T01:28:33.793" /><!-- duration: 19ms -->
              <step title="Triggering recycle (preview mode disabled)." date="2025-10-13T01:28:35.928" /><!-- duration: 22ms -->
              <step title="Modified file to trigger a restart of the app container." date="2025-10-13T01:28:36.026" /><!-- duration: 10ms -->
              <step title="Skip function trigger and logicapp sync because function is not enabled." date="2025-10-13T01:28:36.072" /><!-- duration: 39ms -->
              <step title="Purge deployment items" date="2025-10-13T01:28:37.583" >
                <step title="Remove 2228c770-, Success, received at 10/09/2025 11:48:50" date="2025-10-13T01:28:37.664" /><!-- duration: 4ms -->
              </step><!-- duration: 88ms -->
            </step><!-- duration: 215741ms -->
          </step><!-- duration: 216103ms -->
          <step title="Cleaning up temp files" date="2025-10-13T01:28:37.778" /><!-- duration: 1513ms -->
          <step title="Cleaning up temp files" date="2025-10-13T01:28:39.298" /><!-- duration: 508ms -->
          <step title="Reloading status file with latest updates" date="2025-10-13T01:28:39.839" >
            <step title="WebHooksManager.PublishEventAsync: PostDeployment" date="2025-10-13T01:28:39.846" /><!-- duration: 180ms -->
          </step><!-- duration: 205ms -->
          <step title="Cleaning up temporary deployment - fetch deployment was successful" date="2025-10-13T01:28:40.091" /><!-- duration: 9ms -->
        </step><!-- duration: 218847ms -->
      </step><!-- duration: 220570ms -->
