<step title="Incoming Request" date="2025-10-12T20:53:42.030" instance="d1bb16" url="/api/zipdeploy?isAsync=true" method="POST" type="request" pid="774,1,7" Accept="*/*" Host="backend-ai-practice-questions-app.scm.azurewebsites.net" User-Agent="AZURECLI/2.77.0 (DEB)" Accept-Encoding="gzip, deflate" Authorization="Bea..." Cache-Control="no-cache" Content-Type="application/octet-stream" Content-Length="27661740" x-ms-client-request-id="85ad12f0-a7ad-11f0-a35e-00224804db9f" x-ms-artifact-checksum="e2b700ecd3dae281ab359687cc0de886d89b733980b89d78266ece9d7551634f" X-ARR-LOG-ID="85ad12f0-a7ad-11f0-a35e-00224804db9f" CLIENT-IP="68.220.58.3:19488" X-SITE-DEPLOYMENT-ID="backend-ai-practice-questions-app" WAS-DEFAULT-HOSTNAME="backend-ai-practice-questions-app.scm.azurewebsites.net" X-Forwarded-Proto="https" X-AppService-Proto="https" X-Forwarded-TlsVersion="1.3" X-WAWS-Unencoded-URL="/api/zipdeploy?isAsync=true" X-Client-IP="68.220.58.3" X-Client-Port="19488" >
  <step title="Cleanup Xml Logs" date="2025-10-12T20:53:42.053" >
    <step title="Cleanup Infos" date="2025-10-12T20:53:42.106" totalFiles="346" totalCleanup="186" /><!-- duration: 30ms -->
  </step><!-- duration: 94ms -->
  <step title="ZipPushDeploy" date="2025-10-12T20:53:42.447" >
    <step title="ZipDeploy. Extract zip. Remote build." date="2025-10-12T20:53:42.470" /><!-- duration: 3ms -->
    <step title="Starting PushDeployAsync" date="2025-10-12T20:53:42.506" /><!-- duration: 4ms -->
    <step title="Writing artifact to /tmp/zipdeploy/e782521f-805c-4f87-a0da-87ebec444959.zip" date="2025-10-12T20:53:42.574" >
      <step title="Writing multipart request body to /tmp/zipdeploy/e782521f-805c-4f87-a0da-87ebec444959.zip" date="2025-10-12T20:53:42.620" /><!-- duration: 77ms -->
    </step><!-- duration: 1563ms -->
    <step title="Removing previous build artifact&apos;s manifest file" date="2025-10-12T20:53:44.148" >
      <step title="Start deployment in the background" date="2025-10-12T20:53:44.177" >
        <step title="Acquiring Deployment Lock" date="2025-10-12T20:53:44.254" /><!-- duration: 4ms -->
        <step title="Acquired Deployment Lock" date="2025-10-12T20:53:44.332" /><!-- duration: 4ms -->
      </step><!-- duration: 433ms -->
    </step><!-- duration: 526ms -->
    <step title="Outgoing response" date="2025-10-12T20:53:44.726" type="response" statusCode="202" statusText="Accepted" /><!-- duration: 4ms -->
  </step><!-- duration: 2286ms -->
