<step title="Incoming Request" date="2025-10-12T20:01:54.455" instance="d1bb16" url="/api/deployments/latest" method="GET" type="request" pid="774,1,43" Accept="*/*" Host="backend-ai-practice-questions-app.scm.azurewebsites.net" User-Agent="AZURECLI/2.77.0 (DEB)" Accept-Encoding="gzip, deflate" Authorization="Bea..." x-ms-client-request-id="45bbc56c-a7a6-11f0-a35e-7c1e52f06460" X-ARR-LOG-ID="45bbc56c-a7a6-11f0-a35e-7c1e52f06460" CLIENT-IP="20.161.77.163:20505" X-SITE-DEPLOYMENT-ID="backend-ai-practice-questions-app" WAS-DEFAULT-HOSTNAME="backend-ai-practice-questions-app.scm.azurewebsites.net" X-Forwarded-Proto="https" X-AppService-Proto="https" X-Forwarded-TlsVersion="1.3" X-WAWS-Unencoded-URL="/api/deployments/latest" X-Client-IP="20.161.77.163" X-Client-Port="20505" >
  <step title="Cleanup Xml Logs" date="2025-10-12T20:01:54.466" >
    <step title="Cleanup Infos" date="2025-10-12T20:01:54.496" totalFiles="330" totalCleanup="170" /><!-- duration: 13ms -->
  </step><!-- duration: 47ms -->
  <step title="DeploymentService.GetResult" date="2025-10-12T20:01:54.613" >
    <step title="DeploymentService.GetLatestDeployment" date="2025-10-12T20:01:54.630" >
      <step title="DeploymentManager.GetResults" date="2025-10-12T20:01:54.670" /><!-- duration: 1165ms -->
    </step><!-- duration: 1222ms -->
  </step><!-- duration: 1250ms -->
  <step title="Outgoing response" date="2025-10-12T20:01:55.998" type="response" statusCode="202" statusText="Accepted" /><!-- duration: 17ms -->
</step><!-- duration: 3106ms -->
