<step title="BackgroundTrace" date="2025-10-09T11:02:06.803" instance="d1bb16" url="/api/zipdeploy" method="POST" >
  <step title="Creating temporary deployment - FetchDeploymentManager" date="2025-10-09T11:02:06.927" /><!-- duration: 3ms -->
  <step title="Creating temporary deployment" date="2025-10-09T11:02:06.936" /><!-- duration: 69ms -->
  <step title="Performing fetch based deployment" date="2025-10-09T11:02:07.091" >
    <step title="Cleaning up temp folders from previous zip deployments and extracting pushed zip file /tmp/zipdeploy/d5cc1351-fc51-4ac0-ada0-fb9b0c3e97ff.zip (0.13 MB) to /tmp/zipdeploy/extracted" date="2025-10-09T11:02:08.275" >
      <step title="ChmodRecursive Process exited with total time taken in ms: 304" date="2025-10-09T11:02:09.245" /><!-- duration: 10ms -->
    </step><!-- duration: 1001ms -->
    <step title="Deployment timer started" date="2025-10-09T11:02:11.363" >
      <step title="DeploymentManager.Deploy(id:24fd838e-9672-4f0a-862b-3798311844ef)" date="2025-10-09T11:02:11.373" >
        <step title="Collecting changeset information" date="2025-10-09T11:02:11.464" /><!-- duration: 211ms -->
        <step title="Updating submodules" date="2025-10-09T11:02:11.723" /><!-- duration: 2096ms -->
        <step title="Determining deployment builder" date="2025-10-09T11:02:14.294" >
          <step title="Builder is OryxBuilder" date="2025-10-09T11:02:14.398" /><!-- duration: 10ms -->
        </step><!-- duration: 124ms -->
        <step title="PreDeployment: context.CleanOutputPath False" date="2025-10-09T11:02:14.512" >
          <step title="PreDeployment: context.OutputPath /home/site/wwwroot" date="2025-10-09T11:02:14.745" >
            <step title="Building" date="2025-10-09T11:02:15.072" >
              <step title="Executing external process" date="2025-10-09T11:02:15.855" type="process" path="bash" arguments="-c &quot;oryx build /tmp/zipdeploy/extracted -o /home/site/wwwroot --platform python --platform-version 3.11 -p virtualenv_name=antenv --log-file /tmp/build-debug.log  -i /tmp/8de07234dd70518 --compress-destination-dir | tee /tmp/oryx-build.log ; exit $PIPESTATUS &quot;" >
                <step title="Cpu: python(953,31.810s)+ts(954,0.140s)+build.sh(952,0.000s)+build.sh(951,0.000s)+build.sh(854,0.070s)+oryx(831,6.410s)+tee(832,0.000s)+bash(830,0.000s)=total(38.420s)" date="2025-10-09T11:04:19.285" /><!-- duration: 26ms -->
                <step title="bash: no io activity for 60s, prev-cpu=-1.000s, current-cpu=38.420s" date="2025-10-09T11:04:19.340" /><!-- duration: 37ms -->
              </step><!-- duration: 169142ms -->
              <step title="Using PythonDeploymentLogParser" date="2025-10-09T11:05:05.398" /><!-- duration: 10ms -->
              <step title="Triggering recycle (preview mode disabled)." date="2025-10-09T11:05:06.477" /><!-- duration: 16ms -->
              <step title="Modified file to trigger a restart of the app container." date="2025-10-09T11:05:06.557" /><!-- duration: 10ms -->
              <step title="Skip function trigger and logicapp sync because function is not enabled." date="2025-10-09T11:05:06.628" /><!-- duration: 10ms -->
              <step title="Purge deployment items" date="2025-10-09T11:05:07.389" >
                <step title="Remove b781d3b0-, Failed, received at 10/09/2025 10:50:51" date="2025-10-09T11:05:07.464" /><!-- duration: 4ms -->
                <step title="Remove temp-6356, Failed, received at 10/09/2025 10:50:47" date="2025-10-09T11:05:07.523" /><!-- duration: 8ms -->
              </step><!-- duration: 147ms -->
            </step><!-- duration: 172532ms -->
          </step><!-- duration: 172866ms -->
          <step title="Cleaning up temp files" date="2025-10-09T11:05:07.614" /><!-- duration: 936ms -->
          <step title="Cleaning up temp files" date="2025-10-09T11:05:08.556" /><!-- duration: 573ms -->
          <step title="Reloading status file with latest updates" date="2025-10-09T11:05:09.155" >
            <step title="WebHooksManager.PublishEventAsync: PostDeployment" date="2025-10-09T11:05:09.161" /><!-- duration: 142ms -->
          </step><!-- duration: 151ms -->
          <step title="Cleaning up temporary deployment - fetch deployment was successful" date="2025-10-09T11:05:09.315" /><!-- duration: 4ms -->
        </step><!-- duration: 174849ms -->
      </step><!-- duration: 178008ms -->
