<step title="Incoming Request" date="2025-10-12T19:23:10.763" instance="d1bb16" url="/api/deployments/latest" method="GET" type="request" pid="772,1,87" Accept="*/*" Host="backend-ai-practice-questions-app.scm.azurewebsites.net" User-Agent="AZURECLI/2.77.0 (DEB)" Accept-Encoding="gzip, deflate" Authorization="Bea..." x-ms-client-request-id="d6c4f55c-a7a0-11f0-a35e-000d3a58b86d" X-ARR-LOG-ID="d6c4f55c-a7a0-11f0-a35e-000d3a58b86d" CLIENT-IP="172.184.219.161:6146" X-SITE-DEPLOYMENT-ID="backend-ai-practice-questions-app" WAS-DEFAULT-HOSTNAME="backend-ai-practice-questions-app.scm.azurewebsites.net" X-Forwarded-Proto="https" X-AppService-Proto="https" X-Forwarded-TlsVersion="1.3" X-WAWS-Unencoded-URL="/api/deployments/latest" X-Client-IP="172.184.219.161" X-Client-Port="6146" >
  <step title="Cleanup Xml Logs" date="2025-10-12T19:23:10.766" >
    <step title="Cleanup Infos" date="2025-10-12T19:23:10.788" totalFiles="274" totalCleanup="114" /><!-- duration: 22ms -->
  </step><!-- duration: 52ms -->
  <step title="DeploymentService.GetResult" date="2025-10-12T19:23:10.849" >
    <step title="DeploymentService.GetLatestDeployment" date="2025-10-12T19:23:10.855" >
      <step title="DeploymentManager.GetResults" date="2025-10-12T19:23:10.863" /><!-- duration: 1068ms -->
    </step><!-- duration: 1084ms -->
  </step><!-- duration: 1094ms -->
  <step title="Outgoing response" date="2025-10-12T19:23:11.950" type="response" statusCode="202" statusText="Accepted" /><!-- duration: 8ms -->
</step><!-- duration: 1198ms -->
