<step title="BackgroundTrace" date="2025-10-09T12:34:47.098" instance="d1bb16" url="/api/zipdeploy" method="POST" >
  <step title="Cleanup Xml Logs" date="2025-10-09T12:34:47.108" /><!-- duration: 29ms -->
  <step title="Creating temporary deployment - FetchDeploymentManager" date="2025-10-09T12:34:47.755" /><!-- duration: 96ms -->
  <step title="Creating temporary deployment" date="2025-10-09T12:34:47.863" /><!-- duration: 248ms -->
  <step title="Performing fetch based deployment" date="2025-10-09T12:34:48.768" >
    <step title="Cleaning up temp folders from previous zip deployments and extracting pushed zip file /tmp/zipdeploy/cbb38df6-3b19-412f-bb38-8e1a151352f8.zip (0.13 MB) to /tmp/zipdeploy/extracted" date="2025-10-09T12:34:50.227" >
      <step title="ChmodRecursive Process exited with total time taken in ms: 269" date="2025-10-09T12:34:52.569" /><!-- duration: 66ms -->
    </step><!-- duration: 2554ms -->
    <step title="Deployment timer started" date="2025-10-09T12:34:54.860" >
      <step title="DeploymentManager.Deploy(id:f3185233-3c16-4187-ab47-b61a116e20cd)" date="2025-10-09T12:34:54.949" >
        <step title="Collecting changeset information" date="2025-10-09T12:34:55.168" /><!-- duration: 380ms -->
        <step title="Updating submodules" date="2025-10-09T12:34:55.596" /><!-- duration: 1516ms -->
        <step title="Determining deployment builder" date="2025-10-09T12:34:58.577" >
          <step title="Builder is OryxBuilder" date="2025-10-09T12:34:58.854" /><!-- duration: 22ms -->
        </step><!-- duration: 328ms -->
        <step title="PreDeployment: context.CleanOutputPath False" date="2025-10-09T12:34:59.213" >
          <step title="PreDeployment: context.OutputPath /home/site/wwwroot" date="2025-10-09T12:34:59.864" >
            <step title="Building" date="2025-10-09T12:35:00.566" >
              <step title="Executing external process" date="2025-10-09T12:35:03.965" type="process" path="bash" arguments="-c &quot;oryx build /tmp/zipdeploy/extracted -o /home/site/wwwroot --platform python --platform-version 3.11 -p virtualenv_name=antenv --log-file /tmp/build-debug.log  -i /tmp/8de0730428feb2c --compress-destination-dir | tee /tmp/oryx-build.log ; exit $PIPESTATUS &quot;" 