<step title="Incoming Request" date="2025-10-09T09:54:14.610" instance="d1bb16" url="/api/zipdeploy?isAsync=true&amp;deployer=GITHUB_ZIP_DEPLOY&amp;message=%7B%22type%22%3A%22deployment%22%2C%22sha%22%3A%227c9fcc6a2e7c3566ac202503c6d7ac74fa759607%22%2C%22repoName%22%3A%22imohweb%2FAI-Powered-certifications-exams-practice-questions%22%2C%22actor%22%3A%22imohweb%22%2C%22slotName%22%3A%22production%22%2C%22commitMessage%22%3A%22Add%20startup%20command%20configuration%20and%20startup.txt%20file%22%7D" method="POST" type="request" pid="773,1,5" Host="backend-ai-practice-questions-app.scm.azurewebsites.net" User-Agent="GITHUBACTIONS_DeployWebAppToAzure_0d43028f09a09b481439bb9449f84eb639cd990befe4bf0ccbd0e5f995bd7384" Authorization="Bea..." Content-Type="application/octet-stream" Cookie="ARRAffinity=d1bb16b0b07ed500a5589d686efd8d41b70fdb89fc955c56e7582796ccdcce9e;Path=/;HttpOnly;Secure;Domain=backend-ai-practice-questions-app.scm.azurewebsites.net; ARRAffinitySameSite=d1bb16b0b07ed500a5589d686efd8d41b70fdb89fc955c56e7582796ccdcce9e;Path=/;HttpOnly;SameSite=None;Secure;Domain=backend-ai-practice-questions-app.scm.azurewebsites.net" Transfer-Encoding="chunked" X-ARR-LOG-ID="9fb7a3b8-27c2-479b-8077-b945d7dbcec5" CLIENT-IP="135.119.132.151:17440" X-SITE-DEPLOYMENT-ID="backend-ai-practice-questions-app" WAS-DEFAULT-HOSTNAME="backend-ai-practice-questions-app.scm.azurewebsites.net" X-Forwarded-Proto="https" X-AppService-Proto="https" X-Forwarded-TlsVersion="1.3" X-WAWS-Unencoded-URL="/api/zipdeploy?isAsync=true&amp;deployer=GITHUB_ZIP_DEPLOY&amp;message=%7B%22type%22%3A%22deployment%22%2C%22sha%22%3A%227c9fcc6a2e7c3566ac202503c6d7ac74fa759607%22%2C%22repoName%22%3A%22imohweb%2FAI-Powered-certifications-exams-practice-questions%22%2C%22actor%22%3A%22imohweb%22%2C%22slotName%22%3A%22production%22%2C%22commitMessage%22%3A%22Add%20startup%20command%20configuration%20and%20startup.txt%20file%22%7D" X-Client-IP="135.119.132.151" X-Client-Port="17440" >
  <step title="Cleanup Xml Logs" date="2025-10-09T09:54:14.705" /><!-- duration: 181ms -->
  <step title="ZipPushDeploy" date="2025-10-09T09:54:15.349" >
    <step title="ZipDeploy. Extract zip. Remote build." date="2025-10-09T09:54:15.767" /><!-- duration: 85ms -->
    <step title="Starting PushDeployAsync" date="2025-10-09T09:54:15.880" /><!-- duration: 18ms -->
    <step title="Writing artifact to /tmp/zipdeploy/ab220f5d-5d12-43e0-b40b-04c789cc21ec.zip" date="2025-10-09T09:54:16.182" >
      <step title="Writing multipart request body to /tmp/zipdeploy/ab220f5d-5d12-43e0-b40b-04c789cc21ec.zip" date="2025-10-09T09:54:16.230" /><!-- duration: 110ms -->
    </step><!-- duration: 270ms -->
    <step title="Start deployment in the background" date="2025-10-09T09:54:16.838" >
      <step title="Acquiring Deployment Lock" date="2025-10-09T09:54:17.603" /><!-- duration: 106ms -->
      <step title="Cannot Acquire Deployment Lock already held" date="2025-10-09T09:54:17.901" /><!-- duration: 192ms -->
    </step><!-- duration: 2029ms -->
    <step title="There is a deployment currently in progress. Please try again when it completes." date="2025-10-09T09:54:18.917" /><!-- duration: 49ms -->
  </step><!-- duration: 3694ms -->
  <step title="Outgoing response" date="2025-10-09T09:54:19.119" type="response" statusCode="409" statusText="Conflict" /><!-- duration: 40ms -->
</step><!-- duration: 4651ms -->
