<step title="BackgroundTrace" date="2025-10-09T13:26:53.315" instance="d1bb16" url="/api/zipdeploy" method="POST" >
  <step title="Cleanup Xml Logs" date="2025-10-09T13:26:53.335" /><!-- duration: 96ms -->
  <step title="Creating temporary deployment - FetchDeploymentManager" date="2025-10-09T13:26:54.251" /><!-- duration: 21ms -->
  <step title="Creating temporary deployment" date="2025-10-09T13:26:54.300" /><!-- duration: 896ms -->
  <step title="Performing fetch based deployment" date="2025-10-09T13:26:55.688" >
    <step title="Cleaning up temp folders from previous zip deployments and extracting pushed zip file /tmp/zipdeploy/9c7d395a-05ac-4bb9-91e8-8086520d92a9.zip (0.13 MB) to /tmp/zipdeploy/extracted" date="2025-10-09T13:26:57.827" >
      <step title="ChmodRecursive Process exited with total time taken in ms: 891" date="2025-10-09T13:27:03.860" /><!-- duration: 30ms -->
    </step><!-- duration: 6613ms -->
    <step title="Deployment timer started" date="2025-10-09T13:27:06.899" >
      <step title="DeploymentManager.Deploy(id:ef3a959c-eb63-4007-acaa-4bea3829bcdc)" date="2025-10-09T13:27:07.198" >
        <step title="Collecting changeset information" date="2025-10-09T13:27:07.508" /><!-- duration: 1849ms -->
        <step title="Updating submodules" date="2025-10-09T13:27:09.608" /><!-- duration: 3206ms -->
        <step title="Determining deployment builder" date="2025-10-09T13:27:19.431" >
          <step title="Builder is OryxBuilder" date="2025-10-09T13:27:20.048" /><!-- duration: 39ms -->
        </step><!-- duration: 696ms -->
        <step title="PreDeployment: context.CleanOutputPath False" date="2025-10-09T13:27:20.820" >
          <step title="PreDeployment: context.OutputPath /home/site/wwwroot" date="2025-10-09T13:27:22.020" >
            <step title="Building" date="2025-10-09T13:27:24.101" >
              <step title="Executing external process" date="2025-10-09T13:27:26.924" type="process" path="bash" arguments="-c &quot;oryx build /tmp/zipdeploy/extracted -o /home/site/wwwroot --platform python --platform-version 3.11 -p virtualenv_name=antenv --log-file /tmp/build-debug.log  -i /tmp/8de073792f18cfb --compress-destination-dir | tee /tmp/oryx-build.log ; exit $PIPESTATUS &quot;" 