<step title="Incoming Request" date="2025-10-12T19:48:38.603" instance="d1bb16" url="/api/deployments/latest" method="GET" type="request" pid="774,1,34" Accept="*/*" Host="backend-ai-practice-questions-app.scm.azurewebsites.net" User-Agent="AZURECLI/2.77.0 (DEB)" Accept-Encoding="gzip, deflate" Authorization="Bea..." x-ms-client-request-id="64e723e8-a7a4-11f0-a35e-6045bd07b8b4" X-ARR-LOG-ID="64e723e8-a7a4-11f0-a35e-6045bd07b8b4" CLIENT-IP="52.159.229.67:1026" X-SITE-DEPLOYMENT-ID="backend-ai-practice-questions-app" WAS-DEFAULT-HOSTNAME="backend-ai-practice-questions-app.scm.azurewebsites.net" X-Forwarded-Proto="https" X-AppService-Proto="https" X-Forwarded-TlsVersion="1.3" X-WAWS-Unencoded-URL="/api/deployments/latest" X-Client-IP="52.159.229.67" X-Client-Port="1026" >
  <step title="Cleanup Xml Logs" date="2025-10-12T19:48:38.654" >
    <step title="Cleanup Infos" date="2025-10-12T19:48:38.668" totalFiles="315" totalCleanup="155" /><!-- duration: 10ms -->
  </step><!-- duration: 27ms -->
  <step title="DeploymentService.GetResult" date="2025-10-12T19:48:38.694" >
    <step title="DeploymentService.GetLatestDeployment" date="2025-10-12T19:48:38.697" >
      <step title="DeploymentManager.GetResults" date="2025-10-12T19:48:38.701" /><!-- duration: 418ms -->
    </step><!-- duration: 428ms -->
  </step><!-- duration: 436ms -->
  <step title="Outgoing response" date="2025-10-12T19:48:39.139" type="response" statusCode="202" statusText="Accepted" /><!-- duration: 8ms -->
</step><!-- duration: 553ms -->
