<step title="BackgroundTrace" date="2025-10-12T23:30:53.304" instance="d1bb16" url="/api/zipdeploy" method="POST" >
  <step title="Creating temporary deployment - FetchDeploymentManager" date="2025-10-12T23:30:53.509" /><!-- duration: 8ms -->
  <step title="Creating temporary deployment" date="2025-10-12T23:30:53.557" /><!-- duration: 471ms -->
  <step title="Performing fetch based deployment" date="2025-10-12T23:30:54.122" >
    <step title="Cleaning up temp folders from previous zip deployments and extracting pushed zip file /tmp/zipdeploy/0e3b160f-a9d9-4af4-b11c-9661231e9682.zip (26.38 MB) to /tmp/zipdeploy/extracted" date="2025-10-12T23:30:55.380" >
      <step title="ChmodRecursive Process exited with total time taken in ms: 227" date="2025-10-12T23:31:03.204" /><!-- duration: 13ms -->
    </step><!-- duration: 7841ms -->
    <step title="Deployment timer started" date="2025-10-12T23:31:05.256" >
      <step title="DeploymentManager.Deploy(id:bbe75a5c-cebb-4361-956f-a027fee967eb)" date="2025-10-12T23:31:05.301" >
        <step title="Collecting changeset information" date="2025-10-12T23:31:05.395" /><!-- duration: 181ms -->
        <step title="Updating submodules" date="2025-10-12T23:31:05.583" /><!-- duration: 1225ms -->
        <step title="Determining deployment builder" date="2025-10-12T23:31:07.022" >
          <step title="Builder is OryxBuilder" date="2025-10-12T23:31:07.057" /><!-- duration: 4ms -->
        </step><!-- duration: 45ms -->
        <step title="PreDeployment: context.CleanOutputPath False" date="2025-10-12T23:31:07.140" >
          <step title="PreDeployment: context.OutputPath /home/site/wwwroot" date="2025-10-12T23:31:07.257" >
            <step title="Building" date="2025-10-12T23:31:07.379" >
              <step title="Executing external process" date="2025-10-12T23:31:07.984" type="process" path="bash" arguments="-c &quot;oryx build /tmp/zipdeploy/extracted -o /home/site/wwwroot --platform python --platform-version 3.11 -p virtualenv_name=antenv --log-file /tmp/build-debug.log  -i /tmp/8de09e76b050cc6 --compress-destination-dir | tee /tmp/oryx-build.log ; exit $PIPESTATUS &quot;" >
                <step title="Cpu: python(4713,30.030s)+ts(4714,0.140s)+build.sh(4712,0.000s)+build.sh(4711,0.000s)+build.sh(4628,0.060s)+oryx(4610,3.840s)+tee(4611,0.000s)+bash(4609,0.000s)=total(33.970s)" date="2025-10-12T23:32:40.296" /><!-- duration: 38ms -->
                <step title="bash: no io activity for 60s, prev-cpu=-1.000s, current-cpu=33.970s" date="2025-10-12T23:32:40.411" /><!-- duration: 38ms -->
              </step><!-- duration: 181469ms -->
              <step title="Using PythonDeploymentLogParser" date="2025-10-12T23:34:10.061" /><!-- duration: 7ms -->
              <step title="Triggering recycle (preview mode disabled)." date="2025-10-12T23:34:11.624" /><!-- duration: 11ms -->
              <step title="Modified file to trigger a restart of the app container." date="2025-10-12T23:34:11.702" /><!-- duration: 5ms -->
              <step title="Skip function trigger and logicapp sync because function is not enabled." date="2025-10-12T23:34:11.800" /><!-- duration: 7ms -->
              <step title="Purge deployment items" date="2025-10-12T23:34:13.870" >
                <step title="Remove 7acfe283-, Success, received at 10/09/2025 10:08:50" date="2025-10-12T23:34:13.994" /><!-- duration: 4ms -->
              </step><!-- duration: 131ms -->
            </step><!-- duration: 186703ms -->
          </step><!-- duration: 186830ms -->
          <step title="Cleaning up temp files" date="2025-10-12T23:34:14.090" /><!-- duration: 1540ms -->
          <step title="Cleaning up temp files" date="2025-10-12T23:34:15.633" /><!-- duration: 527ms -->
          <step title="Reloading status file with latest updates" date="2025-10-12T23:34:16.199" >
            <step title="WebHooksManager.PublishEventAsync: PostDeployment" date="2025-10-12T23:34:16.205" /><!-- duration: 165ms -->
          </step><!-- duration: 177ms -->
          <step title="Cleaning up temporary deployment - fetch deployment was successful" date="2025-10-12T23:34:16.400" /><!-- duration: 6ms -->
        </step><!-- duration: 189336ms -->
      </step><!-- duration: 191254ms -->
