<step title="Incoming Request" date="2025-10-10T01:37:17.716" instance="d1bb16" url="/api/zipdeploy?isAsync=true" method="POST" type="request" pid="769,1,28" Accept="*/*" Host="backend-ai-practice-questions-app.scm.azurewebsites.net" User-Agent="AZURECLI/2.77.0 (DEB)" Accept-Encoding="gzip, deflate" Authorization="Bea..." Cache-Control="no-cache" Content-Type="application/octet-stream" Content-Length="27662986" x-ms-client-request-id="a5627f30-a579-11f0-a35e-000d3a5afd58" x-ms-artifact-checksum="94ce1c34d82d28bcda438410dec13f1277685e86d0a9dd5a32b87aa18d876843" X-ARR-LOG-ID="a5627f30-a579-11f0-a35e-000d3a5afd58" CLIENT-IP="52.160.166.68:35840" X-SITE-DEPLOYMENT-ID="backend-ai-practice-questions-app" WAS-DEFAULT-HOSTNAME="backend-ai-practice-questions-app.scm.azurewebsites.net" X-Forwarded-Proto="https" X-AppService-Proto="https" X-Forwarded-TlsVersion="1.3" X-WAWS-Unencoded-URL="/api/zipdeploy?isAsync=true" X-Client-IP="52.160.166.68" X-Client-Port="35840" >
  <step title="Cleanup Xml Logs" date="2025-10-10T01:37:17.776" >
    <step title="Cleanup Infos" date="2025-10-10T01:37:17.870" totalFiles="254" totalCleanup="94" /><!-- duration: 149ms -->
  </step><!-- duration: 263ms -->
  <step title="ZipPushDeploy" date="2025-10-10T01:37:18.973" >
    <step title="ZipDeploy. Extract zip. Remote build." date="2025-10-10T01:37:19.042" /><!-- duration: 12ms -->
    <step title="Starting PushDeployAsync" date="2025-10-10T01:37:19.109" /><!-- duration: 13ms -->
    <step title="Writing artifact to /tmp/zipdeploy/b215f2de-fd91-4866-a159-8196bef53f23.zip" date="2025-10-10T01:37:19.194" >
      <step title="Writing multipart request body to /tmp/zipdeploy/b215f2de-fd91-4866-a159-8196bef53f23.zip" date="2025-10-10T01:37:19.243" /><!-- duration: 13ms -->
    </step><!-- duration: 4152ms -->
    <step title="Removing previous build artifact&apos;s manifest file" date="2025-10-10T01:37:23.402" >
      <step title="Start deployment in the background" date="2025-10-10T01:37:23.584" >
        <step title="Acquiring Deployment Lock" date="2025-10-10T01:37:24.030" /><!-- duration: 10ms -->
        <step title="Acquired Deployment Lock" date="2025-10-10T01:37:24.449" /><!-- duration: 58ms -->
      </step><!-- duration: 1916ms -->
    </step><!-- duration: 2173ms -->
    <step title="Outgoing response" date="2025-10-10T01:37:25.634" type="response" statusCode="202" statusText="Accepted" /><!-- duration: 19ms -->
  </step><!-- duration: 6697ms -->
