<step title="Incoming Request" date="2025-10-12T19:22:55.361" instance="d1bb16" url="/api/zipdeploy?isAsync=true" method="POST" type="request" pid="772,1,85" Accept="*/*" Host="backend-ai-practice-questions-app.scm.azurewebsites.net" User-Agent="AZURECLI/2.77.0 (DEB)" Accept-Encoding="gzip, deflate" Authorization="Bea..." Cache-Control="no-cache" Content-Type="application/octet-stream" Content-Length="27661368" x-ms-client-request-id="d6c4f55c-a7a0-11f0-a35e-000d3a58b86d" x-ms-artifact-checksum="6fece6b80362ad516370e815e268d410f1dc5e98fad1c59d7f856929ebd30ff0" X-ARR-LOG-ID="d6c4f55c-a7a0-11f0-a35e-000d3a58b86d" CLIENT-IP="172.184.219.161:6144" X-SITE-DEPLOYMENT-ID="backend-ai-practice-questions-app" WAS-DEFAULT-HOSTNAME="backend-ai-practice-questions-app.scm.azurewebsites.net" X-Forwarded-Proto="https" X-AppService-Proto="https" X-Forwarded-TlsVersion="1.3" X-WAWS-Unencoded-URL="/api/zipdeploy?isAsync=true" X-Client-IP="172.184.219.161" X-Client-Port="6144" >
  <step title="ZipPushDeploy" date="2025-10-12T19:22:56.925" >
    <step title="ZipDeploy. Extract zip. Remote build." date="2025-10-12T19:22:56.942" /><!-- duration: 4ms -->
    <step title="None repository commit" date="2025-10-12T19:22:56.957" >
      <step title="Commit id: 9e831152-b979-4550-8608-a3cc2d7fde12" date="2025-10-12T19:22:56.963" Message="N/A" AuthorName="N/A" AuthorEmail="N/A" /><!-- duration: 4ms -->
    </step><!-- duration: 13ms -->
    <step title="Starting PushDeployAsync" date="2025-10-12T19:22:56.974" /><!-- duration: 4ms -->
    <step title="Writing artifact to /tmp/zipdeploy/1e187f74-06cb-4af6-b4ca-8398bdf497ff.zip" date="2025-10-12T19:22:57.015" >
      <step title="Writing multipart request body to /tmp/zipdeploy/1e187f74-06cb-4af6-b4ca-8398bdf497ff.zip" date="2025-10-12T19:22:57.022" /><!-- duration: 6ms -->
    </step><!-- duration: 1726ms -->
    <step title="Removing previous build artifact&apos;s manifest file" date="2025-10-12T19:22:58.773" >
      <step title="Start deployment in the background" date="2025-10-12T19:22:58.907" >
        <step title="Acquiring Deployment Lock" date="2025-10-12T19:22:58.967" /><!-- duration: 20ms -->
        <step title="Acquired Deployment Lock" date="2025-10-12T19:22:59.068" /><!-- duration: 3ms -->
      </step><!-- duration: 331ms -->
    </step><!-- duration: 480ms -->
    <step title="Outgoing response" date="2025-10-12T19:22:59.279" type="response" statusCode="202" statusText="Accepted" /><!-- duration: 4ms -->
  </step><!-- duration: 2365ms -->
