<step title="Incoming Request" date="2025-10-13T01:25:01.614" instance="d1bb16" url="/api/deployments/latest" method="GET" type="request" pid="774,1,16" Accept="*/*" Host="backend-ai-practice-questions-app.scm.azurewebsites.net" User-Agent="AZURECLI/2.77.0 (DEB)" Accept-Encoding="gzip, deflate" Authorization="Bea..." x-ms-client-request-id="659ef034-a7d3-11f0-a35e-7ced8d6dd444" X-ARR-LOG-ID="659ef034-a7d3-11f0-a35e-7ced8d6dd444" CLIENT-IP="172.184.219.163:38850" X-SITE-DEPLOYMENT-ID="backend-ai-practice-questions-app" WAS-DEFAULT-HOSTNAME="backend-ai-practice-questions-app.scm.azurewebsites.net" X-Forwarded-Proto="https" X-AppService-Proto="https" X-Forwarded-TlsVersion="1.3" X-WAWS-Unencoded-URL="/api/deployments/latest" X-Client-IP="172.184.219.163" X-Client-Port="38850" >
  <step title="Cleanup Xml Logs" date="2025-10-13T01:25:01.624" >
    <step title="Cleanup Infos" date="2025-10-13T01:25:01.730" totalFiles="400" totalCleanup="240" /><!-- duration: 59ms -->
  </step><!-- duration: 174ms -->
  <step title="DeploymentService.GetResult" date="2025-10-13T01:25:01.895" >
    <step title="DeploymentService.GetLatestDeployment" date="2025-10-13T01:25:01.921" >
      <step title="DeploymentManager.GetResults" date="2025-10-13T01:25:01.939" /><!-- duration: 1781ms -->
    </step><!-- duration: 1817ms -->
  </step><!-- duration: 1854ms -->
  <step title="Outgoing response" date="2025-10-13T01:25:03.769" type="response" statusCode="202" statusText="Accepted" /><!-- duration: 20ms -->
</step><!-- duration: 2186ms -->
