<step title="Incoming Request" date="2025-10-12T19:30:59.528" instance="d1bb16" url="/api/deployments/latest" method="GET" type="request" pid="774,1,19" Accept="*/*" Host="backend-ai-practice-questions-app.scm.azurewebsites.net" User-Agent="AZURECLI/2.77.0 (DEB)" Accept-Encoding="gzip, deflate" Authorization="Bea..." x-ms-client-request-id="e6581a52-a7a1-11f0-a35e-00224808ecda" X-ARR-LOG-ID="e6581a52-a7a1-11f0-a35e-00224808ecda" CLIENT-IP="172.184.174.120:2075" X-SITE-DEPLOYMENT-ID="backend-ai-practice-questions-app" WAS-DEFAULT-HOSTNAME="backend-ai-practice-questions-app.scm.azurewebsites.net" X-Forwarded-Proto="https" X-AppService-Proto="https" X-Forwarded-TlsVersion="1.3" X-WAWS-Unencoded-URL="/api/deployments/latest" X-Client-IP="172.184.174.120" X-Client-Port="2075" >
  <step title="Cleanup Xml Logs" date="2025-10-12T19:30:59.556" >
    <step title="Cleanup Infos" date="2025-10-12T19:30:59.663" totalFiles="295" totalCleanup="135" /><!-- duration: 45ms -->
  </step><!-- duration: 165ms -->
  <step title="DeploymentService.GetResult" date="2025-10-12T19:30:59.969" >
    <step title="DeploymentService.GetLatestDeployment" date="2025-10-12T19:30:59.973" >
      <step title="DeploymentManager.GetResults" date="2025-10-12T19:31:00.084" /><!-- duration: 2296ms -->
    </step><!-- duration: 2473ms -->
  </step><!-- duration: 2488ms -->
  <step title="Outgoing response" date="2025-10-12T19:31:02.505" type="response" statusCode="202" statusText="Accepted" /><!-- duration: 35ms -->
</step><!-- duration: 3016ms -->
