<step title="Incoming Request" date="2025-10-12T19:30:48.248" instance="d1bb16" url="/api/deployments/latest" method="GET" type="request" pid="774,1,19" Accept="*/*" Host="backend-ai-practice-questions-app.scm.azurewebsites.net" User-Agent="AZURECLI/2.77.0 (DEB)" Accept-Encoding="gzip, deflate" Authorization="Bea..." x-ms-client-request-id="e6581a52-a7a1-11f0-a35e-00224808ecda" X-ARR-LOG-ID="e6581a52-a7a1-11f0-a35e-00224808ecda" CLIENT-IP="172.184.174.120:2074" X-SITE-DEPLOYMENT-ID="backend-ai-practice-questions-app" WAS-DEFAULT-HOSTNAME="backend-ai-practice-questions-app.scm.azurewebsites.net" X-Forwarded-Proto="https" X-AppService-Proto="https" X-Forwarded-TlsVersion="1.3" X-WAWS-Unencoded-URL="/api/deployments/latest" X-Client-IP="172.184.174.120" X-Client-Port="2074" >
  <step title="Cleanup Xml Logs" date="2025-10-12T19:30:48.386" >
    <step title="Cleanup Infos" date="2025-10-12T19:30:48.608" totalFiles="294" totalCleanup="134" /><!-- duration: 105ms -->
  </step><!-- duration: 388ms -->
  <step title="DeploymentService.GetResult" date="2025-10-12T19:30:49.548" >
    <step title="DeploymentService.GetLatestDeployment" date="2025-10-12T19:30:49.732" >
      <step title="DeploymentManager.GetResults" date="2025-10-12T19:30:49.793" /><!-- duration: 3121ms -->
    </step><!-- duration: 3270ms -->
  </step><!-- duration: 3612ms -->
  <step title="Outgoing response" date="2025-10-12T19:30:53.286" type="response" statusCode="202" statusText="Accepted" /><!-- duration: 104ms -->
</step><!-- duration: 5429ms -->
