<step title="Incoming Request" date="2025-10-10T01:37:31.112" instance="d1bb16" url="/api/deployments/latest" method="GET" type="request" pid="769,1,16" Accept="*/*" Host="backend-ai-practice-questions-app.scm.azurewebsites.net" User-Agent="AZURECLI/2.77.0 (DEB)" Accept-Encoding="gzip, deflate" Authorization="Bea..." x-ms-client-request-id="a5627f30-a579-11f0-a35e-000d3a5afd58" X-ARR-LOG-ID="a5627f30-a579-11f0-a35e-000d3a5afd58" CLIENT-IP="52.160.166.68:35841" X-SITE-DEPLOYMENT-ID="backend-ai-practice-questions-app" WAS-DEFAULT-HOSTNAME="backend-ai-practice-questions-app.scm.azurewebsites.net" X-Forwarded-Proto="https" X-AppService-Proto="https" X-Forwarded-TlsVersion="1.3" X-WAWS-Unencoded-URL="/api/deployments/latest" X-Client-IP="52.160.166.68" X-Client-Port="35841" >
  <step title="Cleanup Xml Logs" date="2025-10-10T01:37:31.141" >
    <step title="Cleanup Infos" date="2025-10-10T01:37:31.208" totalFiles="256" totalCleanup="96" /><!-- duration: 37ms -->
  </step><!-- duration: 114ms -->
  <step title="DeploymentService.GetResult" date="2025-10-10T01:37:31.499" >
    <step title="DeploymentService.GetLatestDeployment" date="2025-10-10T01:37:31.540" >
      <step title="DeploymentManager.GetResults" date="2025-10-10T01:37:31.566" /><!-- duration: 1298ms -->
    </step><!-- duration: 1352ms -->
  </step><!-- duration: 1403ms -->
  <step title="Outgoing response" date="2025-10-10T01:37:33.044" type="response" statusCode="202" statusText="Accepted" /><!-- duration: 4ms -->
</step><!-- duration: 1944ms -->
