<step title="Incoming Request" date="2025-10-09T10:08:36.735" instance="d1bb16" url="/api/zipdeploy?isAsync=true" method="POST" type="request" pid="772,1,7" Accept="*/*" Host="backend-ai-practice-questions-app.scm.azurewebsites.net" User-Agent="AZURECLI/2.77.0 (DEB)" Accept-Encoding="gzip, deflate" Authorization="Bea..." Cache-Control="no-cache" Content-Type="application/octet-stream" Content-Length="52626" x-ms-client-request-id="c34cd978-a4f7-11f0-a35e-6045bd073de8" x-ms-artifact-checksum="477dd181121ff18331ac8f6e12eb4d3078ed9e58ddb116e3309da3f87bc5bed5" X-ARR-LOG-ID="c34cd978-a4f7-11f0-a35e-6045bd073de8" CLIENT-IP="52.190.140.134:23600" X-SITE-DEPLOYMENT-ID="backend-ai-practice-questions-app" WAS-DEFAULT-HOSTNAME="backend-ai-practice-questions-app.scm.azurewebsites.net" X-Forwarded-Proto="https" X-AppService-Proto="https" X-Forwarded-TlsVersion="1.3" X-WAWS-Unencoded-URL="/api/zipdeploy?isAsync=true" X-Client-IP="52.190.140.134" X-Client-Port="23600" >
  <step title="ZipPushDeploy" date="2025-10-09T10:08:40.220" >
    <step title="ZipDeploy. Extract zip. Remote build." date="2025-10-09T10:08:40.307" /><!-- duration: 56ms -->
    <step title="None repository commit" date="2025-10-09T10:08:40.443" >
      <step title="Commit id: 7acfe283-c08e-4e8f-ae3b-30334d43f094" date="2025-10-09T10:08:40.460" Message="N/A" AuthorName="N/A" AuthorEmail="N/A" /><!-- duration: 20ms -->
    </step><!-- duration: 58ms -->
    <step title="Starting PushDeployAsync" date="2025-10-09T10:08:40.520" /><!-- duration: 29ms -->
    <step title="Writing artifact to /tmp/zipdeploy/2f93e32e-63b5-4c42-b1be-a73dd96c8ffc.zip" date="2025-10-09T10:08:40.691" >
      <step title="Writing multipart request body to /tmp/zipdeploy/2f93e32e-63b5-4c42-b1be-a73dd96c8ffc.zip" date="2025-10-09T10:08:40.711" /><!-- duration: 28ms -->
    </step><!-- duration: 756ms -->
    <step title="Start deployment in the background" date="2025-10-09T10:08:41.648" >
      <step title="Acquiring Deployment Lock" date="2025-10-09T10:08:41.846" /><!-- duration: 37ms -->
      <step title="Acquired Deployment Lock" date="2025-10-09T10:08:42.161" /><!-- duration: 31ms -->
    </step><!-- duration: 1043ms -->
  </step><!-- duration: 2564ms -->
  <step title="Outgoing response" date="2025-10-09T10:08:43.182" type="response" statusCode="202" statusText="Accepted" /><!-- duration: 47ms -->
</step><!-- duration: 6530ms -->
