<step title="BackgroundTrace" date="2025-10-09T10:08:41.675" instance="d1bb16" url="/api/zipdeploy" method="POST" >
  <step title="Cleanup Xml Logs" date="2025-10-09T10:08:41.685" /><!-- duration: 28ms -->
  <step title="Creating temporary deployment - FetchDeploymentManager" date="2025-10-09T10:08:42.222" /><!-- duration: 27ms -->
  <step title="Creating temporary deployment" date="2025-10-09T10:08:42.268" /><!-- duration: 241ms -->
  <step title="Performing fetch based deployment" date="2025-10-09T10:08:43.537" >
    <step title="Cleaning up temp folders from previous zip deployments and extracting pushed zip file /tmp/zipdeploy/2f93e32e-63b5-4c42-b1be-a73dd96c8ffc.zip (0.05 MB) to /tmp/zipdeploy/extracted" date="2025-10-09T10:08:46.051" >
      <step title="ChmodRecursive Process exited with total time taken in ms: 662" date="2025-10-09T10:08:47.746" /><!-- duration: 48ms -->
    </step><!-- duration: 1803ms -->
    <step title="Deployment timer started" date="2025-10-09T10:08:50.167" >
      <step title="DeploymentManager.Deploy(id:7acfe283-c08e-4e8f-ae3b-30334d43f094)" date="2025-10-09T10:08:50.206" >
        <step title="Collecting changeset information" date="2025-10-09T10:08:50.345" /><!-- duration: 398ms -->
        <step title="Updating submodules" date="2025-10-09T10:08:50.800" /><!-- duration: 1967ms -->
        <step title="Determining deployment builder" date="2025-10-09T10:08:53.616" >
          <step title="Builder is OryxBuilder" date="2025-10-09T10:08:53.692" /><!-- duration: 8ms -->
        </step><!-- duration: 89ms -->
        <step title="PreDeployment: context.CleanOutputPath False" date="2025-10-09T10:08:53.756" >
          <step title="PreDeployment: context.OutputPath /home/site/wwwroot" date="2025-10-09T10:08:53.853" >
            <step title="Building" date="2025-10-09T10:08:53.961" >
              <step title="Executing external process" date="2025-10-09T10:08:54.204" type="process" path="bash" arguments="-c &quot;oryx build /tmp/zipdeploy/extracted -o /home/site/wwwroot --platform python --platform-version 3.11 -p virtualenv_name=antenv --log-file /tmp/build-debug.log  -i /tmp/8de071bda0fc50d --compress-destination-dir | tee /tmp/oryx-build.log ; exit $PIPESTATUS &quot;" >
                <step title="Cpu: gzip(845,8.200s)+tar(844,3.310s)+build.sh(824,0.010s)+oryx(804,3.640s)+tee(805,0.000s)+bash(803,0.000s)=total(15.120s)" date="2025-10-09T10:10:03.124" /><!-- duration: 54ms -->
                <step title="bash: no io activity for 61s, prev-cpu=-1.000s, current-cpu=15.120s" date="2025-10-09T10:10:03.236" /><!-- duration: 37ms -->
                <step title="Cpu: python(965,35.330s)+ts(966,0.170s)+build.sh(964,0.000s)+build.sh(963,0.000s)+build.sh(824,0.090s)+oryx(804,4.860s)+tee(805,0.000s)+bash(803,0.000s)=total(40.410s)" date="2025-10-09T10:12:16.902" /><!-- duration: 27ms -->
                <step title="bash: no io activity for 61s, prev-cpu=-1.000s, current-cpu=40.410s" date="2025-10-09T10:12:17.013" /><!-- duration: 39ms -->
              </step><!-- duration: 272556ms -->
              <step title="Using PythonDeploymentLogParser" date="2025-10-09T10:13:28.247" /><!-- duration: 43ms -->
              <step title="Triggering recycle (preview mode disabled)." date="2025-10-09T10:13:31.564" /><!-- duration: 37ms -->
              <step title="Modified file to trigger a restart of the app container." date="2025-10-09T10:13:31.691" /><!-- duration: 17ms -->
              <step title="Skip function trigger and logicapp sync because function is not enabled." date="2025-10-09T10:13:31.786" /><!-- duration: 20ms -->
              <step title="Purge deployment items" date="2025-10-09T10:13:33.467" >
                <step title="Remove afcbf7a5-, Failed, received at 10/09/2025 09:53:31" date="2025-10-09T10:13:33.932" /><!-- duration: 75ms -->
                <step title="Remove temp-14b4, Failed, received at 10/09/2025 09:53:27" date="2025-10-09T10:13:34.275" /><!-- duration: 22ms -->
              </step><!-- duration: 865ms -->
            </step><!-- duration: 280481ms -->
          </step><!-- duration: 280605ms -->
          <step title="Cleaning up temp files" date="2025-10-09T10:13:34.471" /><!-- duration: 3482ms -->
          <step title="Cleaning up temp files" date="2025-10-09T10:13:37.960" /><!-- duration: 513ms -->
          <step title="Reloading status file with latest updates" date="2025-10-09T10:13:38.508" >
            <step title="WebHooksManager.PublishEventAsync: PostDeployment" date="2025-10-09T10:13:38.514" /><!-- duration: 201ms -->
          </step><!-- duration: 210ms -->
          <step title="Cleaning up temporary deployment - fetch deployment was successful" date="2025-10-09T10:13:38.728" /><!-- duration: 4ms -->
        </step><!-- duration: 285022ms -->
      </step><!-- duration: 288593ms -->
