<step title="BackgroundTrace" date="2025-10-09T10:50:47.111" instance="d1bb16" url="/api/zipdeploy" method="POST" >
  <step title="Cleanup Xml Logs" date="2025-10-09T10:50:47.123" /><!-- duration: 14ms -->
  <step title="Creating temporary deployment - FetchDeploymentManager" date="2025-10-09T10:50:47.249" /><!-- duration: 3ms -->
  <step title="Creating temporary deployment" date="2025-10-09T10:50:47.266" /><!-- duration: 121ms -->
  <step title="Performing fetch based deployment" date="2025-10-09T10:50:47.495" >
    <step title="Cleaning up temp folders from previous zip deployments and extracting pushed zip file /tmp/zipdeploy/35230f93-9d81-47d3-8f0e-b12a42ab7e8b.zip (0.05 MB) to /tmp/zipdeploy/extracted" date="2025-10-09T10:50:48.780" >
      <step title="ChmodRecursive Process exited with total time taken in ms: 340" date="2025-10-09T10:50:49.312" /><!-- duration: 10ms -->
    </step><!-- duration: 559ms -->
    <step title="Deployment timer started" date="2025-10-09T10:50:51.402" >
      <step title="DeploymentManager.Deploy(id:b781d3b0-8ff5-4bbb-86b6-bee85066631c)" date="2025-10-09T10:50:51.413" >
        <step title="Collecting changeset information" date="2025-10-09T10:50:51.444" /><!-- duration: 134ms -->
        <step title="Updating submodules" date="2025-10-09T10:50:51.584" /><!-- duration: 1165ms -->
        <step title="Determining deployment builder" date="2025-10-09T10:50:52.979" >
          <step title="Builder is OryxBuilder" date="2025-10-09T10:50:53.002" /><!-- duration: 11ms -->
        </step><!-- duration: 41ms -->
        <step title="PreDeployment: context.CleanOutputPath False" date="2025-10-09T10:50:53.084" >
          <step title="PreDeployment: context.OutputPath /home/site/wwwroot" date="2025-10-09T10:50:53.207" >
            <step title="Building" date="2025-10-09T10:50:53.407" >
              <step title="Executing external process" date="2025-10-09T10:50:54.323" type="process" path="bash" arguments="-c &quot;oryx build /tmp/zipdeploy/extracted -o /home/site/wwwroot --platform python --platform-version 3.11 -p virtualenv_name=antenv --log-file /tmp/build-debug.log  -i /tmp/8de0721b7b1f452 --compress-destination-dir | tee /tmp/oryx-build.log ; exit $PIPESTATUS &quot;" >
                <step title="Error occurred" date="2025-10-09T10:51:34.721" type="error" text="Deployment has been stopped due to SCM container restart. The restart can happen due to a management operation on site. Do not perform a management operation and a deployment operation in quick succession. Adding a small delay can help avoid any conflicts." /><!-- duration: 19ms -->
                <step title="Killing external process" date="2025-10-09T10:51:34.910" >
                  <step title="Abort Process &apos;gzip(906)&apos;." date="2025-10-09T10:51:35.113" /><!-- duration: 21ms -->
                  <step title="Abort Process &apos;tar(905)&apos;." date="2025-10-09T10:51:35.165" /><!-- duration: 14ms -->
                  <step title="Abort Process &apos;build.sh(883)&apos;." date="2025-10-09T10:51:35.198" /><!-- duration: 11ms -->
                  <step title="Abort Process &apos;oryx(864)&apos;." date="2025-10-09T10:51:35.228" /><!-- duration: 39ms -->
                  <step title="Process dump" date="2025-10-09T10:51:35.422" exitCode="137" type="processOutput" /><!-- duration: 10ms -->
                </step><!-- duration: 535ms -->
                <step title="Error occurred" date="2025-10-09T10:51:35.878" type="error" text="tar: Unexpected EOF in archive
tar: Unexpected EOF in archive
/bin/bash -c &quot;oryx build /tmp/zipdeploy/extracted -o /home/site/wwwroot --platform python --platform-version 3.11 -p virtualenv_name=antenv --log-file /tmp/build-debug.log  -i /tmp/8de0721b7b1f452 --compress-destination-dir | tee /tmp/oryx-build.log ; exit $PIPESTATUS &quot;" stackTrace="   at Kudu.Core.Infrastructure.Executable.ExecuteInternal(ITracer tracer, Func`2 onWriteOutput, Func`2 onWriteError, CancellationToken token, Encoding encoding, String arguments, Object[] args) in /tmp/KuduLite/Kudu.Core/Infrastructure/Executable.cs:line 239
   at Kudu.Core.Infrastructure.Executable.ExecuteWithProgressWriter(ILogger logger, ITracer tracer, CancellationToken token, String arguments, Object[] args) in /tmp/KuduLite/Kudu.Core/Infrastructure/Executable.cs:line 118
   at Kudu.Core.Deployment.Generator.ExternalCommandBuilder.RunCommand(DeploymentContext context, String command, Boolean ignoreManifest, CancellationToken token, String message) in /tmp/KuduLite/Kudu.Core/Deployment/Generator/ExternalCommandBuilder.cs:line 122" /><!-- duration: 55ms -->
                <step title="Error occurred" date="2025-10-09T10:51:35.946" type="error" text="tar: Unexpected EOF in archive
tar: Unexpected EOF in archive
/bin/bash -c &quot;oryx build /tmp/zipdeploy/extracted -o /home/site/wwwroot --platform python --platform-version 3.11 -p virtualenv_name=antenv --log-file /tmp/build-debug.log  -i /tmp/8de0721b7b1f452 --compress-destination-dir | tee /tmp/oryx-build.log ; exit $PIPESTATUS &quot;" stackTrace="   at Kudu.Core.Infrastructure.Executable.ExecuteInternal(ITracer tracer, Func`2 onWriteOutput, Func`2 onWriteError, CancellationToken token, Encoding encoding, String arguments, Object[] args) in /tmp/KuduLite/Kudu.Core/Infrastructure/Executable.cs:line 239
   at Kudu.Core.Infrastructure.Executable.ExecuteWithProgressWriter(ILogger logger, ITracer tracer, CancellationToken token, String arguments, Object[] args) in /tmp/KuduLite/Kudu.Core/Infrastructure/Executable.cs:line 118
   at Kudu.Core.Deployment.Generator.ExternalCommandBuilder.RunCommand(DeploymentContext context, String command, Boolean ignoreManifest, CancellationToken token, String message) in /tmp/KuduLite/Kudu.Core/Deployment/Generator/ExternalCommandBuilder.cs:line 122
   at Kudu.Core.Deployment.Generator.OryxBuilder.RunBuildCommand(IOryxArguments args, DeploymentContext context, CancellationToken token) in /tmp/KuduLite/Kudu.Core/Deployment/Generator/OryxBuilder.cs:line 295
   at Kudu.Core.Deployment.Generator.OryxBuilder.Build(DeploymentContext context, CancellationToken token) in /tmp/KuduLite/Kudu.Core/Deployment/Generator/OryxBuilder.cs:line 136
   at Kudu.Core.Deployment.DeploymentManager.Build(ChangeSet changeSet, ITracer tracer, IDisposable deployStep, IRepository repository, DeploymentInfoBase deploymentInfo, DeploymentAnalytics deploymentAnalytics, Boolean fullBuildByDefault, CancellationToken cancellationToken) in /tmp/KuduLite/Kudu.Core/Deployment/DeploymentManager.cs:line 771" /><!-- duration: 10ms -->
