<step title="BackgroundTrace" date="2025-10-09T09:53:27.105" instance="d1bb16" url="/api/zipdeploy" method="POST" >
  <step title="Creating temporary deployment - FetchDeploymentManager" date="2025-10-09T09:53:27.208" /><!-- duration: 3ms -->
  <step title="Creating temporary deployment" date="2025-10-09T09:53:27.221" /><!-- duration: 83ms -->
  <step title="Performing fetch based deployment" date="2025-10-09T09:53:27.368" >
    <step title="Cleaning up temp folders from previous zip deployments and extracting pushed zip file /tmp/zipdeploy/0d558ee2-a5bd-4a48-8091-17f46cce84de.zip (0.14 MB) to /tmp/zipdeploy/extracted" date="2025-10-09T09:53:28.717" >
      <step title="ChmodRecursive Process exited with total time taken in ms: 189" date="2025-10-09T09:53:29.276" /><!-- duration: 18ms -->
    </step><!-- duration: 598ms -->
    <step title="Deployment timer started" date="2025-10-09T09:53:31.377" >
      <step title="DeploymentManager.Deploy(id:afcbf7a5-a4e1-41aa-a896-f999d40c71d8)" date="2025-10-09T09:53:31.427" >
        <step title="Collecting changeset information" date="2025-10-09T09:53:31.512" /><!-- duration: 233ms -->
        <step title="Updating submodules" date="2025-10-09T09:53:31.800" /><!-- duration: 1186ms -->
        <step title="Determining deployment builder" date="2025-10-09T09:53:33.271" >
          <step title="Builder is OryxBuilder" date="2025-10-09T09:53:33.337" /><!-- duration: 64ms -->
        </step><!-- duration: 166ms -->
        <step title="PreDeployment: context.CleanOutputPath False" date="2025-10-09T09:53:33.598" >
          <step title="PreDeployment: context.OutputPath /home/site/wwwroot" date="2025-10-09T09:53:33.782" >
            <step title="Building" date="2025-10-09T09:53:33.907" >
              <step title="Executing external process" date="2025-10-09T09:53:34.449" type="process" path="bash" arguments="-c &quot;oryx build /tmp/zipdeploy/extracted -o /home/site/wwwroot --platform python --platform-version 3.11 -p virtualenv_name=antenv --log-file /tmp/build-debug.log  -i /tmp/8de0719b58f82e8 --compress-destination-dir | tee /tmp/oryx-build.log ; exit $PIPESTATUS &quot;" >
                <step title="Cpu: gzip(837,6.840s)+tar(836,2.810s)+build.sh(825,0.020s)+oryx(801,7.030s)+tee(802,0.000s)+bash(800,0.000s)=total(16.680s)" date="2025-10-09T09:54:59.766" /><!-- duration: 29ms -->
                <step title="bash: no io activity for 61s, prev-cpu=-1.000s, current-cpu=16.680s" date="2025-10-09T09:55:00.004" /><!-- duration: 47ms -->
