<step title="Incoming Request" date="2025-10-13T00:52:04.260" instance="d1bb16" url="/api/deployments/latest" method="GET" type="request" pid="774,1,88" Accept="*/*" Host="backend-ai-practice-questions-app.scm.azurewebsites.net" User-Agent="AZURECLI/2.77.0 (DEB)" Accept-Encoding="gzip, deflate" Authorization="Bea..." x-ms-client-request-id="c9f32ae6-a7ce-11f0-a35e-7c1e52433d3f" X-ARR-LOG-ID="c9f32ae6-a7ce-11f0-a35e-7c1e52433d3f" CLIENT-IP="68.154.38.18:60434" X-SITE-DEPLOYMENT-ID="backend-ai-practice-questions-app" WAS-DEFAULT-HOSTNAME="backend-ai-practice-questions-app.scm.azurewebsites.net" X-Forwarded-Proto="https" X-AppService-Proto="https" X-Forwarded-TlsVersion="1.3" X-WAWS-Unencoded-URL="/api/deployments/latest" X-Client-IP="68.154.38.18" X-Client-Port="60434" >
  <step title="Cleanup Xml Logs" date="2025-10-13T00:52:04.279" >
    <step title="Cleanup Infos" date="2025-10-13T00:52:04.345" totalFiles="382" totalCleanup="222" /><!-- duration: 20ms -->
  </step><!-- duration: 98ms -->
  <step title="DeploymentService.GetResult" date="2025-10-13T00:52:04.405" >
    <step title="DeploymentService.GetLatestDeployment" date="2025-10-13T00:52:04.414" >
      <step title="DeploymentManager.GetResults" date="2025-10-13T00:52:04.423" /><!-- duration: 1718ms -->
    </step><!-- duration: 1737ms -->
  </step><!-- duration: 1757ms -->
  <step title="Outgoing response" date="2025-10-13T00:52:06.218" type="response" statusCode="202" statusText="Accepted" /><!-- duration: 37ms -->
</step><!-- duration: 2004ms -->
