<step title="Incoming Request" date="2025-10-13T01:24:48.509" instance="d1bb16" url="/api/zipdeploy?isAsync=true" method="POST" type="request" pid="774,1,18" Accept="*/*" Host="backend-ai-practice-questions-app.scm.azurewebsites.net" User-Agent="AZURECLI/2.77.0 (DEB)" Accept-Encoding="gzip, deflate" Authorization="Bea..." Cache-Control="no-cache" Content-Type="application/octet-stream" Content-Length="27661915" x-ms-client-request-id="659ef034-a7d3-11f0-a35e-7ced8d6dd444" x-ms-artifact-checksum="2c89c2ecfdaa4f76d80da5d63b302a2bc6e79396d75225a7cafbe76f42f410e6" X-ARR-LOG-ID="659ef034-a7d3-11f0-a35e-7ced8d6dd444" CLIENT-IP="172.184.219.163:38848" X-SITE-DEPLOYMENT-ID="backend-ai-practice-questions-app" WAS-DEFAULT-HOSTNAME="backend-ai-practice-questions-app.scm.azurewebsites.net" X-Forwarded-Proto="https" X-AppService-Proto="https" X-Forwarded-TlsVersion="1.3" X-WAWS-Unencoded-URL="/api/zipdeploy?isAsync=true" X-Client-IP="172.184.219.163" X-Client-Port="38848" >
  <step title="ZipPushDeploy" date="2025-10-13T01:24:49.581" >
    <step title="ZipDeploy. Extract zip. Remote build." date="2025-10-13T01:24:49.606" /><!-- duration: 4ms -->
    <step title="None repository commit" date="2025-10-13T01:24:49.628" >
      <step title="Commit id: d10cfe77-940f-4ec1-bc3e-370218c8a7e8" date="2025-10-13T01:24:49.631" Message="N/A" AuthorName="N/A" AuthorEmail="N/A" /><!-- duration: 4ms -->
    </step><!-- duration: 15ms -->
    <step title="Starting PushDeployAsync" date="2025-10-13T01:24:49.673" /><!-- duration: 10ms -->
    <step title="Writing artifact to /tmp/zipdeploy/d98c203c-e94c-449d-8dd9-175e663ef57e.zip" date="2025-10-13T01:24:49.741" >
      <step title="Writing multipart request body to /tmp/zipdeploy/d98c203c-e94c-449d-8dd9-175e663ef57e.zip" date="2025-10-13T01:24:49.777" /><!-- duration: 11ms -->
    </step><!-- duration: 1525ms -->
    <step title="Removing previous build artifact&apos;s manifest file" date="2025-10-13T01:24:51.280" >
      <step title="Start deployment in the background" date="2025-10-13T01:24:51.313" >
        <step title="Acquiring Deployment Lock" date="2025-10-13T01:24:51.372" /><!-- duration: 9ms -->
        <step title="Acquired Deployment Lock" date="2025-10-13T01:24:51.447" /><!-- duration: 4ms -->
      </step><!-- duration: 229ms -->
    </step><!-- duration: 270ms -->
    <step title="Outgoing response" date="2025-10-13T01:24:51.578" type="response" statusCode="202" statusText="Accepted" /><!-- duration: 12ms -->
  </step><!-- duration: 2013ms -->
