<step title="Incoming Request" date="2025-10-10T01:37:35.842" instance="d1bb16" url="/api/deployments/latest" method="GET" type="request" pid="769,1,16" Accept="*/*" Host="backend-ai-practice-questions-app.scm.azurewebsites.net" User-Agent="AZURECLI/2.77.0 (DEB)" Accept-Encoding="gzip, deflate" Authorization="Bea..." x-ms-client-request-id="a5627f30-a579-11f0-a35e-000d3a5afd58" X-ARR-LOG-ID="a5627f30-a579-11f0-a35e-000d3a5afd58" CLIENT-IP="52.160.166.68:35842" X-SITE-DEPLOYMENT-ID="backend-ai-practice-questions-app" WAS-DEFAULT-HOSTNAME="backend-ai-practice-questions-app.scm.azurewebsites.net" X-Forwarded-Proto="https" X-AppService-Proto="https" X-Forwarded-TlsVersion="1.3" X-WAWS-Unencoded-URL="/api/deployments/latest" X-Client-IP="52.160.166.68" X-Client-Port="35842" >
  <step title="Cleanup Xml Logs" date="2025-10-10T01:37:35.877" >
    <step title="Cleanup Infos" date="2025-10-10T01:37:36.118" totalFiles="257" totalCleanup="97" /><!-- duration: 69ms -->
  </step><!-- duration: 354ms -->
  <step title="DeploymentService.GetResult" date="2025-10-10T01:37:36.320" >
    <step title="DeploymentService.GetLatestDeployment" date="2025-10-10T01:37:36.339" >
      <step title="DeploymentManager.GetResults" date="2025-10-10T01:37:36.464" /><!-- duration: 1873ms -->
    </step><!-- duration: 2133ms -->
  </step><!-- duration: 2209ms -->
  <step title="Outgoing response" date="2025-10-10T01:37:38.607" type="response" statusCode="202" statusText="Accepted" /><!-- duration: 11ms -->
</step><!-- duration: 2805ms -->
