<step title="Incoming Request" date="2025-10-09T13:01:10.226" instance="d1bb16" url="/api/zipdeploy?isAsync=true" method="POST" type="request" pid="776,1,30" Accept="*/*" Host="backend-ai-practice-questions-app.scm.azurewebsites.net" User-Agent="AZURECLI/2.77.0 (DEB)" Accept-Encoding="gzip, deflate" Authorization="Bea..." Cache-Control="no-cache" Content-Type="application/octet-stream" Content-Length="137731" x-ms-client-request-id="fcdd57fe-a50f-11f0-a35e-000d3a592a7a" x-ms-artifact-checksum="8ba2d1417fe9450e2a4ec31856516d47f169af0b4751430a70a1254b856c7e23" X-ARR-LOG-ID="fcdd57fe-a50f-11f0-a35e-000d3a592a7a" CLIENT-IP="68.220.62.148:54304" X-SITE-DEPLOYMENT-ID="backend-ai-practice-questions-app" WAS-DEFAULT-HOSTNAME="backend-ai-practice-questions-app.scm.azurewebsites.net" X-Forwarded-Proto="https" X-AppService-Proto="https" X-Forwarded-TlsVersion="1.3" X-WAWS-Unencoded-URL="/api/zipdeploy?isAsync=true" X-Client-IP="68.220.62.148" X-Client-Port="54304" >
  <step title="Cleanup Xml Logs" date="2025-10-09T13:01:10.252" /><!-- duration: 29ms -->
  <step title="ZipPushDeploy" date="2025-10-09T13:01:10.373" >
    <step title="ZipDeploy. Extract zip. Remote build." date="2025-10-09T13:01:10.389" /><!-- duration: 3ms -->
    <step title="None repository commit" date="2025-10-09T13:01:10.399" >
      <step title="Commit id: dbe5562e-6ebd-4a88-b8d3-c7e873e5e8ce" date="2025-10-09T13:01:10.403" Message="N/A" AuthorName="N/A" AuthorEmail="N/A" /><!-- duration: 3ms -->
    </step><!-- duration: 9ms -->
    <step title="Starting PushDeployAsync" date="2025-10-09T13:01:10.413" /><!-- duration: 3ms -->
    <step title="Writing artifact to /tmp/zipdeploy/735b39f1-6d58-4bda-bd4b-c2f5e0d0999c.zip" date="2025-10-09T13:01:10.451" >
      <step title="Writing multipart request body to /tmp/zipdeploy/735b39f1-6d58-4bda-bd4b-c2f5e0d0999c.zip" date="2025-10-09T13:01:10.478" /><!-- duration: 3ms -->
    </step><!-- duration: 234ms -->
    <step title="Start deployment in the background" date="2025-10-09T13:01:10.750" >
      <step title="Acquiring Deployment Lock" date="2025-10-09T13:01:10.834" /><!-- duration: 17ms -->
      <step title="Acquired Deployment Lock" date="2025-10-09T13:01:10.942" /><!-- duration: 6ms -->
    </step><!-- duration: 297ms -->
  </step><!-- duration: 688ms -->
  <step title="Outgoing response" date="2025-10-09T13:01:11.074" type="response" statusCode="202" statusText="Accepted" /><!-- duration: 7ms -->
</step><!-- duration: 859ms -->
