<step title="BackgroundTrace" date="2025-10-13T00:51:51.458" instance="d1bb16" url="/api/zipdeploy" method="POST" >
  <step title="Creating temporary deployment - FetchDeploymentManager" date="2025-10-13T00:51:51.599" /><!-- duration: 3ms -->
  <step title="Creating temporary deployment" date="2025-10-13T00:51:51.611" /><!-- duration: 230ms -->
  <step title="Performing fetch based deployment" date="2025-10-13T00:51:51.935" >
    <step title="Cleaning up temp folders from previous zip deployments and extracting pushed zip file /tmp/zipdeploy/ee61576f-c967-451c-baed-1e8233305247.zip (26.38 MB) to /tmp/zipdeploy/extracted" date="2025-10-13T00:51:53.251" >
      <step title="ChmodRecursive Process exited with total time taken in ms: 11" date="2025-10-13T00:52:02.351" /><!-- duration: 23ms -->
    </step><!-- duration: 9141ms -->
    <step title="Deployment timer started" date="2025-10-13T00:52:04.512" >
      <step title="DeploymentManager.Deploy(id:a991afe6-0ced-4d8e-845b-2559e2c595a3)" date="2025-10-13T00:52:04.570" >
        <step title="Collecting changeset information" date="2025-10-13T00:52:04.716" /><!-- duration: 833ms -->
        <step title="Updating submodules" date="2025-10-13T00:52:05.589" /><!-- duration: 1320ms -->
        <step title="Determining deployment builder" date="2025-10-13T00:52:07.110" >
          <step title="Builder is OryxBuilder" date="2025-10-13T00:52:07.148" /><!-- duration: 4ms -->
        </step><!-- duration: 46ms -->
        <step title="PreDeployment: context.CleanOutputPath False" date="2025-10-13T00:52:07.225" >
          <step title="PreDeployment: context.OutputPath /home/site/wwwroot" date="2025-10-13T00:52:07.490" >
            <step title="Building" date="2025-10-13T00:52:07.634" >
              <step title="Executing external process" date="2025-10-13T00:52:08.038" type="process" path="bash" arguments="-c &quot;oryx build /tmp/zipdeploy/extracted -o /home/site/wwwroot --platform python --platform-version 3.11 -p virtualenv_name=antenv --log-file /tmp/build-debug.log  -i /tmp/8de09f2bbdd7c95 --compress-destination-dir | tee /tmp/oryx-build.log ; exit $PIPESTATUS &quot;" /><!-- duration: 168672ms -->
              <step title="Using PythonDeploymentLogParser" date="2025-10-13T00:54:57.087" /><!-- duration: 3ms -->
              <step title="Triggering recycle (preview mode disabled)." date="2025-10-13T00:54:58.381" /><!-- duration: 9ms -->
              <step title="Modified file to trigger a restart of the app container." date="2025-10-13T00:54:58.435" /><!-- duration: 3ms -->
              <step title="Skip function trigger and logicapp sync because function is not enabled." date="2025-10-13T00:54:58.451" /><!-- duration: 12ms -->
              <step title="Purge deployment items" date="2025-10-13T00:55:00.346" >
                <step title="Remove 24fd838e-, Success, received at 10/09/2025 11:02:11" date="2025-10-13T00:55:00.537" /><!-- duration: 13ms -->
              </step><!-- duration: 233ms -->
            </step><!-- duration: 173204ms -->
          </step><!-- duration: 173395ms -->
          <step title="Cleaning up temp files" date="2025-10-13T00:55:00.897" /><!-- duration: 3902ms -->
          <step title="Cleaning up temp files" date="2025-10-13T00:55:04.809" /><!-- duration: 579ms -->
          <step title="Reloading status file with latest updates" date="2025-10-13T00:55:05.491" >
            <step title="WebHooksManager.PublishEventAsync: PostDeployment" date="2025-10-13T00:55:05.501" /><!-- duration: 196ms -->
          </step><!-- duration: 218ms -->
          <step title="Cleaning up temporary deployment - fetch deployment was successful" date="2025-10-13T00:55:05.747" /><!-- duration: 9ms -->
        </step><!-- duration: 178625ms -->
      </step><!-- duration: 181334ms -->
