<step title="BackgroundTrace" date="2025-10-10T01:37:23.672" instance="d1bb16" url="/api/zipdeploy" method="POST" >
  <step title="Cleanup Xml Logs" date="2025-10-10T01:37:23.704" >
    <step title="Cleanup Infos" date="2025-10-10T01:37:23.849" totalFiles="255" totalCleanup="95" /><!-- duration: 59ms -->
  </step><!-- duration: 233ms -->
  <step title="Creating temporary deployment - FetchDeploymentManager" date="2025-10-10T01:37:24.526" /><!-- duration: 9ms -->
  <step title="Creating temporary deployment" date="2025-10-10T01:37:24.668" /><!-- duration: 813ms -->
  <step title="Performing fetch based deployment" date="2025-10-10T01:37:25.713" >
    <step title="Cleaning up temp folders from previous zip deployments and extracting pushed zip file /tmp/zipdeploy/b215f2de-fd91-4866-a159-8196bef53f23.zip (26.38 MB) to /tmp/zipdeploy/extracted" date="2025-10-10T01:37:27.585" >
      <step title="ChmodRecursive Process exited with total time taken in ms: 300" date="2025-10-10T01:37:40.168" /><!-- duration: 6ms -->
    </step><!-- duration: 12594ms -->
    <step title="Deployment timer started" date="2025-10-10T01:37:42.222" >
      <step title="DeploymentManager.Deploy(id:38bf4bca-a7f5-46b3-9eb9-578e5bcae93e)" date="2025-10-10T01:37:42.235" >
        <step title="Collecting changeset information" date="2025-10-10T01:37:42.289" /><!-- duration: 139ms -->
        <step title="Updating submodules" date="2025-10-10T01:37:42.440" /><!-- duration: 1165ms -->
        <step title="Determining deployment builder" date="2025-10-10T01:37:43.902" >
          <step title="Builder is OryxBuilder" date="2025-10-10T01:37:43.944" /><!-- duration: 7ms -->
        </step><!-- duration: 59ms -->
        <step title="PreDeployment: context.CleanOutputPath False" date="2025-10-10T01:37:44.052" >
          <step title="PreDeployment: context.OutputPath /home/site/wwwroot" date="2025-10-10T01:37:44.184" >
            <step title="Building" date="2025-10-10T01:37:44.365" >
              <step title="Executing external process" date="2025-10-10T01:37:44.779" type="process" path="bash" arguments="-c &quot;oryx build /tmp/zipdeploy/extracted -o /home/site/wwwroot --platform python --platform-version 3.11 -p virtualenv_name=antenv --log-file /tmp/build-debug.log  -i /tmp/8de079d9be4af6f --compress-destination-dir | tee /tmp/oryx-build.log ; exit $PIPESTATUS &quot;" /><!-- duration: 142617ms -->
              <step title="Using PythonDeploymentLogParser" date="2025-10-10T01:40:07.833" /><!-- duration: 11ms -->
              <step title="Triggering recycle (preview mode disabled)." date="2025-10-10T01:40:08.932" /><!-- duration: 29ms -->
              <step title="Modified file to trigger a restart of the app container." date="2025-10-10T01:40:09.003" /><!-- duration: 24ms -->
              <step title="Skip function trigger and logicapp sync because function is not enabled." date="2025-10-10T01:40:09.037" /><!-- duration: 18ms -->
            </step><!-- duration: 145699ms -->
          </step><!-- duration: 145898ms -->
          <step title="Cleaning up temp files" date="2025-10-10T01:40:10.088" /><!-- duration: 1375ms -->
          <step title="Cleaning up temp files" date="2025-10-10T01:40:11.470" /><!-- duration: 515ms -->
          <step title="Reloading status file with latest updates" date="2025-10-10T01:40:12.012" >
            <step title="WebHooksManager.PublishEventAsync: PostDeployment" date="2025-10-10T01:40:12.016" /><!-- duration: 65ms -->
          </step><!-- duration: 72ms -->
          <step title="Cleaning up temporary deployment - fetch deployment was successful" date="2025-10-10T01:40:12.090" /><!-- duration: 4ms -->
        </step><!-- duration: 148107ms -->
      </step><!-- duration: 149942ms -->
