<step title="Incoming Request" date="2025-10-10T01:37:42.146" instance="d1bb16" url="/api/deployments/latest" method="GET" type="request" pid="769,1,29" Accept="*/*" Host="backend-ai-practice-questions-app.scm.azurewebsites.net" User-Agent="AZURECLI/2.77.0 (DEB)" Accept-Encoding="gzip, deflate" Authorization="Bea..." x-ms-client-request-id="a5627f30-a579-11f0-a35e-000d3a5afd58" X-ARR-LOG-ID="a5627f30-a579-11f0-a35e-000d3a5afd58" CLIENT-IP="52.160.166.68:35843" X-SITE-DEPLOYMENT-ID="backend-ai-practice-questions-app" WAS-DEFAULT-HOSTNAME="backend-ai-practice-questions-app.scm.azurewebsites.net" X-Forwarded-Proto="https" X-AppService-Proto="https" X-Forwarded-TlsVersion="1.3" X-WAWS-Unencoded-URL="/api/deployments/latest" X-Client-IP="52.160.166.68" X-Client-Port="35843" >
  <step title="Cleanup Xml Logs" date="2025-10-10T01:37:42.156" >
    <step title="Cleanup Infos" date="2025-10-10T01:37:42.194" totalFiles="258" totalCleanup="98" /><!-- duration: 12ms -->
  </step><!-- duration: 59ms -->
  <step title="DeploymentService.GetResult" date="2025-10-10T01:37:42.254" >
    <step title="DeploymentService.GetLatestDeployment" date="2025-10-10T01:37:42.264" >
      <step title="DeploymentManager.GetResults" date="2025-10-10T01:37:42.290" /><!-- duration: 674ms -->
    </step><!-- duration: 707ms -->
  </step><!-- duration: 733ms -->
  <step title="Outgoing response" date="2025-10-10T01:37:43.007" type="response" statusCode="202" statusText="Accepted" /><!-- duration: 9ms -->
</step><!-- duration: 873ms -->
