<step title="Incoming Request" date="2025-10-10T01:28:48.363" instance="d1bb16" url="/api/zipdeploy?isAsync=true" method="POST" type="request" pid="769,1,19" Accept="*/*" Host="backend-ai-practice-questions-app.scm.azurewebsites.net" User-Agent="AZURECLI/2.77.0 (DEB)" Accept-Encoding="gzip, deflate" Authorization="Bea..." Cache-Control="no-cache" Content-Type="application/octet-stream" Content-Length="27662986" x-ms-client-request-id="77275e8e-a578-11f0-a35e-7ced8d7bd058" x-ms-artifact-checksum="7ed52fdf9cf75748013f5df1ce1be880537f3c7400c46b21b951a8f3ef123af4" X-ARR-LOG-ID="77275e8e-a578-11f0-a35e-7ced8d7bd058" CLIENT-IP="172.183.157.177:28680" X-SITE-DEPLOYMENT-ID="backend-ai-practice-questions-app" WAS-DEFAULT-HOSTNAME="backend-ai-practice-questions-app.scm.azurewebsites.net" X-Forwarded-Proto="https" X-AppService-Proto="https" X-Forwarded-TlsVersion="1.3" X-WAWS-Unencoded-URL="/api/zipdeploy?isAsync=true" X-Client-IP="172.183.157.177" X-Client-Port="28680" >
  <step title="ZipPushDeploy" date="2025-10-10T01:28:48.449" >
    <step title="ZipDeploy. Extract zip. Remote build." date="2025-10-10T01:28:48.507" /><!-- duration: 66ms -->
    <step title="Starting PushDeployAsync" date="2025-10-10T01:28:48.633" /><!-- duration: 50ms -->
    <step title="Writing artifact to /tmp/zipdeploy/bb62a9ec-37a7-4804-85b7-cfae91958918.zip" date="2025-10-10T01:28:48.788" >
      <step title="Writing multipart request body to /tmp/zipdeploy/bb62a9ec-37a7-4804-85b7-cfae91958918.zip" date="2025-10-10T01:28:48.809" /><!-- duration: 31ms -->
    </step><!-- duration: 1767ms -->
    <step title="Start deployment in the background" date="2025-10-10T01:28:50.574" >
      <step title="Acquiring Deployment Lock" date="2025-10-10T01:28:50.604" /><!-- duration: 4ms -->
      <step title="Cannot Acquire Deployment Lock already held" date="2025-10-10T01:28:50.620" /><!-- duration: 3ms -->
    </step><!-- duration: 147ms -->
    <step title="There is a deployment currently in progress. Please try again when it completes." date="2025-10-10T01:28:50.731" /><!-- duration: 41ms -->
  </step><!-- duration: 2343ms -->
  <step title="Outgoing response" date="2025-10-10T01:28:50.818" type="response" statusCode="409" statusText="Conflict" /><!-- duration: 4ms -->
</step><!-- duration: 2465ms -->
