<step title="Incoming Request" date="2025-10-09T11:02:05.929" instance="d1bb16" url="/api/zipdeploy?isAsync=true" method="POST" type="request" pid="768,1,15" Accept="*/*" Host="backend-ai-practice-questions-app.scm.azurewebsites.net" User-Agent="AZURECLI/2.77.0 (DEB)" Accept-Encoding="gzip, deflate" Authorization="Bea..." Cache-Control="no-cache" Content-Type="application/octet-stream" Content-Length="137731" x-ms-client-request-id="603dd87a-a4ff-11f0-a35e-7ced8d7c36a0" x-ms-artifact-checksum="b095cb507009e24fd042e7ef6153c32838188a48958aa545d21f88bc3aed900b" X-ARR-LOG-ID="603dd87a-a4ff-11f0-a35e-7ced8d7c36a0" CLIENT-IP="135.232.200.8:58368" X-SITE-DEPLOYMENT-ID="backend-ai-practice-questions-app" WAS-DEFAULT-HOSTNAME="backend-ai-practice-questions-app.scm.azurewebsites.net" X-Forwarded-Proto="https" X-AppService-Proto="https" X-Forwarded-TlsVersion="1.3" X-WAWS-Unencoded-URL="/api/zipdeploy?isAsync=true" X-Client-IP="135.232.200.8" X-Client-Port="58368" >
  <step title="ZipPushDeploy" date="2025-10-09T11:02:06.586" >
    <step title="ZipDeploy. Extract zip. Remote build." date="2025-10-09T11:02:06.599" /><!-- duration: 4ms -->
    <step title="None repository commit" date="2025-10-09T11:02:06.613" >
      <step title="Commit id: 24fd838e-9672-4f0a-862b-3798311844ef" date="2025-10-09T11:02:06.617" Message="N/A" AuthorName="N/A" AuthorEmail="N/A" /><!-- duration: 3ms -->
    </step><!-- duration: 10ms -->
    <step title="Starting PushDeployAsync" date="2025-10-09T11:02:06.627" /><!-- duration: 6ms -->
    <step title="Writing artifact to /tmp/zipdeploy/d5cc1351-fc51-4ac0-ada0-fb9b0c3e97ff.zip" date="2025-10-09T11:02:06.675" >
      <step title="Writing multipart request body to /tmp/zipdeploy/d5cc1351-fc51-4ac0-ada0-fb9b0c3e97ff.zip" date="2025-10-09T11:02:06.685" /><!-- duration: 16ms -->
    </step><!-- duration: 106ms -->
    <step title="Start deployment in the background" date="2025-10-09T11:02:06.798" >
      <step title="Acquiring Deployment Lock" date="2025-10-09T11:02:06.828" /><!-- duration: 11ms -->
      <step title="Acquired Deployment Lock" date="2025-10-09T11:02:06.917" /><!-- duration: 7ms -->
    </step><!-- duration: 213ms -->
  </step><!-- duration: 437ms -->
  <step title="Outgoing response" date="2025-10-09T11:02:07.051" type="response" statusCode="202" statusText="Accepted" /><!-- duration: 4ms -->
</step><!-- duration: 1130ms -->
