<step title="BackgroundTrace" date="2025-10-09T11:48:46.415" instance="d1bb16" url="/api/zipdeploy" method="POST" >
  <step title="Creating temporary deployment - FetchDeploymentManager" date="2025-10-09T11:48:46.554" /><!-- duration: 5ms -->
  <step title="Creating temporary deployment" date="2025-10-09T11:48:46.566" /><!-- duration: 95ms -->
  <step title="Performing fetch based deployment" date="2025-10-09T11:48:46.758" >
    <step title="Cleaning up temp folders from previous zip deployments and extracting pushed zip file /tmp/zipdeploy/78d5ec11-e77f-43c8-a1ce-8f5aed987d9a.zip (0.13 MB) to /tmp/zipdeploy/extracted" date="2025-10-09T11:48:47.948" >
      <step title="ChmodRecursive Process exited with total time taken in ms: 97" date="2025-10-09T11:48:48.305" /><!-- duration: 11ms -->
    </step><!-- duration: 380ms -->
    <step title="Deployment timer started" date="2025-10-09T11:48:50.355" >
      <step title="DeploymentManager.Deploy(id:2228c770-af7d-4f94-92d8-1b621b363cc9)" date="2025-10-09T11:48:50.365" >
        <step title="Collecting changeset information" date="2025-10-09T11:48:50.397" /><!-- duration: 153ms -->
        <step title="Updating submodules" date="2025-10-09T11:48:50.556" /><!-- duration: 1138ms -->
        <step title="Determining deployment builder" date="2025-10-09T11:48:51.994" >
          <step title="Builder is OryxBuilder" date="2025-10-09T11:48:52.014" /><!-- duration: 10ms -->
        </step><!-- duration: 42ms -->
        <step title="PreDeployment: context.CleanOutputPath False" date="2025-10-09T11:48:52.101" >
          <step title="PreDeployment: context.OutputPath /home/site/wwwroot" date="2025-10-09T11:48:52.281" >
            <step title="Building" date="2025-10-09T11:48:52.421" >
              <step title="Executing external process" date="2025-10-09T11:48:52.759" type="process" path="bash" arguments="-c &quot;oryx build /tmp/zipdeploy/extracted -o /home/site/wwwroot --platform python --platform-version 3.11 -p virtualenv_name=antenv --log-file /tmp/build-debug.log  -i /tmp/8de0729d159360e --compress-destination-dir | tee /tmp/oryx-build.log ; exit $PIPESTATUS &quot;" >
                <step title="Cpu: python(923,32.300s)+ts(924,0.140s)+build.sh(922,0.000s)+build.sh(921,0.000s)+build.sh(818,0.100s)+oryx(795,6.310s)+tee(796,0.020s)+bash(794,0.000s)=total(38.850s)" date="2025-10-09T11:50:55.482" /><!-- duration: 49ms -->
                <step title="bash: no io activity for 61s, prev-cpu=-1.000s, current-cpu=38.850s" date="2025-10-09T11:50:55.723" /><!-- duration: 54ms -->
              </step><!-- duration: 176117ms -->
              <step title="Using PythonDeploymentLogParser" date="2025-10-09T11:51:49.420" /><!-- duration: 17ms -->
              <step title="Triggering recycle (preview mode disabled)." date="2025-10-09T11:51:50.634" /><!-- duration: 18ms -->
              <step title="Modified file to trigger a restart of the app container." date="2025-10-09T11:51:50.708" /><!-- duration: 22ms -->
              <step title="Skip function trigger and logicapp sync because function is not enabled." date="2025-10-09T11:51:51.038" /><!-- duration: 4ms -->
            </step><!-- duration: 179405ms -->
          </step><!-- duration: 179562ms -->
          <step title="Cleaning up temp files" date="2025-10-09T11:51:51.846" /><!-- duration: 935ms -->
          <step title="Cleaning up temp files" date="2025-10-09T11:51:52.785" /><!-- duration: 516ms -->
          <step title="Reloading status file with latest updates" date="2025-10-09T11:51:53.337" >
            <step title="WebHooksManager.PublishEventAsync: PostDeployment" date="2025-10-09T11:51:53.344" /><!-- duration: 311ms -->
          </step><!-- duration: 327ms -->
          <step title="Cleaning up temporary deployment - fetch deployment was successful" date="2025-10-09T11:51:53.673" /><!-- duration: 3ms -->
        </step><!-- duration: 181644ms -->
      </step><!-- duration: 183400ms -->
