<step title="Incoming Request" date="2025-10-10T01:28:39.686" instance="d1bb16" url="/api/zipdeploy?isAsync=true" method="POST" type="request" pid="769,1,16" Accept="*/*" Host="backend-ai-practice-questions-app.scm.azurewebsites.net" User-Agent="AZURECLI/2.77.0 (DEB)" Accept-Encoding="gzip, deflate" Authorization="Bea..." Cache-Control="no-cache" Content-Type="application/octet-stream" Content-Length="27662986" x-ms-client-request-id="70a25078-a578-11f0-a35e-6045bd02e859" x-ms-artifact-checksum="42df8242d92ac521bb6f09624d91d9353bebdcc9543b19a1255ef68d0ee2a052" X-ARR-LOG-ID="70a25078-a578-11f0-a35e-6045bd02e859" CLIENT-IP="52.225.25.102:3072" X-SITE-DEPLOYMENT-ID="backend-ai-practice-questions-app" WAS-DEFAULT-HOSTNAME="backend-ai-practice-questions-app.scm.azurewebsites.net" X-Forwarded-Proto="https" X-AppService-Proto="https" X-Forwarded-TlsVersion="1.3" X-WAWS-Unencoded-URL="/api/zipdeploy?isAsync=true" X-Client-IP="52.225.25.102" X-Client-Port="3072" >
  <step title="ZipPushDeploy" date="2025-10-10T01:28:40.600" >
    <step title="ZipDeploy. Extract zip. Remote build." date="2025-10-10T01:28:40.610" /><!-- duration: 4ms -->
    <step title="None repository commit" date="2025-10-10T01:28:40.622" >
      <step title="Commit id: 83f5a220-1064-474c-b87f-1040f0f325c5" date="2025-10-10T01:28:40.625" Message="N/A" AuthorName="N/A" AuthorEmail="N/A" /><!-- duration: 4ms -->
    </step><!-- duration: 11ms -->
    <step title="Starting PushDeployAsync" date="2025-10-10T01:28:40.638" /><!-- duration: 9ms -->
    <step title="Writing artifact to /tmp/zipdeploy/50e88192-ddb5-4cbe-a56c-f181b0c04b1e.zip" date="2025-10-10T01:28:40.709" >
      <step title="Writing multipart request body to /tmp/zipdeploy/50e88192-ddb5-4cbe-a56c-f181b0c04b1e.zip" date="2025-10-10T01:28:40.735" /><!-- duration: 13ms -->
    </step><!-- duration: 1582ms -->
    <step title="Start deployment in the background" date="2025-10-10T01:28:42.308" >
      <step title="Acquiring Deployment Lock" date="2025-10-10T01:28:42.370" /><!-- duration: 10ms -->
      <step title="Acquired Deployment Lock" date="2025-10-10T01:28:42.433" /><!-- duration: 4ms -->
    </step><!-- duration: 230ms -->
  </step><!-- duration: 1954ms -->
  <step title="Outgoing response" date="2025-10-10T01:28:42.575" type="response" statusCode="202" statusText="Accepted" /><!-- duration: 18ms -->
</step><!-- duration: 2910ms -->
