<step title="Incoming Request" date="2025-10-09T09:53:26.379" instance="d1bb16" url="/api/zipdeploy?isAsync=true&amp;deployer=GITHUB_ZIP_DEPLOY&amp;message=%7B%22type%22%3A%22deployment%22%2C%22sha%22%3A%22f41109bc644a51d32b72c433a466f411b77780dc%22%2C%22repoName%22%3A%22imohweb%2FAI-Powered-certifications-exams-practice-questions%22%2C%22actor%22%3A%22imohweb%22%2C%22slotName%22%3A%22production%22%2C%22commitMessage%22%3A%22Simplify%20backend%20deployment%3A%20use%20direct%20Python%20deployment%20instead%20of%20Docker%20containers%5Cn%5Cn-%20Removed%20ACR%20dependency%20-%20no%20more%20container%20registry%20needed%5Cn-%20Deploy%20Python%20code%20directly%20to%20App%20Service%5Cn-%20Simpler%20configuration%20and%20faster%20deployments%5Cn-%20Better%20logging%20and%20troubleshooting%5Cn-%20Increased%20health%20check%20wait%20time%20to%2045s%20for%20Python%20startup%22%7D" method="POST" type="request" pid="773,1,7" Host="backend-ai-practice-questions-app.scm.azurewebsites.net" User-Agent="GITHUBACTIONS_DeployWebAppToAzure_0d43028f09a09b481439bb9449f84eb639cd990befe4bf0ccbd0e5f995bd7384" Authorization="Bea..." Content-Type="application/octet-stream" Cookie="ARRAffinity=d1bb16b0b07ed500a5589d686efd8d41b70fdb89fc955c56e7582796ccdcce9e;Path=/;HttpOnly;Secure;Domain=backend-ai-practice-questions-app.scm.azurewebsites.net; ARRAffinitySameSite=d1bb16b0b07ed500a5589d686efd8d41b70fdb89fc955c56e7582796ccdcce9e;Path=/;HttpOnly;SameSite=None;Secure;Domain=backend-ai-practice-questions-app.scm.azurewebsites.net" Transfer-Encoding="chunked" X-ARR-LOG-ID="7d1d986f-26d6-4598-a7c8-95427761e5f3" CLIENT-IP="52.159.225.197:62514" X-SITE-DEPLOYMENT-ID="backend-ai-practice-questions-app" WAS-DEFAULT-HOSTNAME="backend-ai-practice-questions-app.scm.azurewebsites.net" X-Forwarded-Proto="https" X-AppService-Proto="https" X-Forwarded-TlsVersion="1.3" X-WAWS-Unencoded-URL="/api/zipdeploy?isAsync=true&amp;deployer=GITHUB_ZIP_DEPLOY&amp;message=%7B%22type%22%3A%22deployment%22%2C%22sha%22%3A%22f41109bc644a51d32b72c433a466f411b77780dc%22%2C%22repoName%22%3A%22imohweb%2FAI-Powered-certifications-exams-practice-questions%22%2C%22actor%22%3A%22imohweb%22%2C%22slotName%22%3A%22production%22%2C%22commitMessage%22%3A%22Simplify%20backend%20deployment%3A%20use%20direct%20Python%20deployment%20instead%20of%20Docker%20containers%5Cn%5Cn-%20Removed%20ACR%20dependency%20-%20no%20more%20container%20registry%20needed%5Cn-%20Deploy%20Python%20code%20directly%20to%20App%20Service%5Cn-%20Simpler%20configuration%20and%20faster%20deployments%5Cn-%20Better%20logging%20and%20troubleshooting%5Cn-%20Increased%20health%20check%20wait%20time%20to%2045s%20for%20Python%20startup%22%7D" X-Client-IP="52.159.225.197" X-Client-Port="62514" >
  <step title="ZipPushDeploy" date="2025-10-09T09:53:26.687" >
    <step title="ZipDeploy. Extract zip. Remote build." date="2025-10-09T09:53:26.717" /><!-- duration: 37ms -->
    <step title="None repository commit" date="2025-10-09T09:53:26.785" >
      <step title="Commit id: afcbf7a5-a4e1-41aa-a896-f999d40c71d8" date="2025-10-09T09:53:26.803" Message="N/A" AuthorName="N/A" AuthorEmail="N/A" /><!-- duration: 38ms -->
    </step><!-- duration: 67ms -->
    <step title="Starting PushDeployAsync" date="2025-10-09T09:53:26.888" /><!-- duration: 5ms -->
    <step title="Writing artifact to /tmp/zipdeploy/0d558ee2-a5bd-4a48-8091-17f46cce84de.zip" date="2025-10-09T09:53:26.917" >
      <step title="Writing multipart request body to /tmp/zipdeploy/0d558ee2-a5bd-4a48-8091-17f46cce84de.zip" date="2025-10-09T09:53:26.926" /><!-- duration: 5ms -->
    </step><!-- duration: 125ms -->
    <step title="Start deployment in the background" date="2025-10-09T09:53:27.091" >
      <step title="Acquiring Deployment Lock" date="2025-10-09T09:53:27.138" /><!-- duration: 7ms -->
      <step title="Acquired Deployment Lock" date="2025-10-09T09:53:27.200" /><!-- duration: 4ms -->
    </step><!-- duration: 218ms -->
  </step><!-- duration: 633ms -->
  <step title="Outgoing response" date="2025-10-09T09:53:27.332" type="response" statusCode="202" statusText="Accepted" /><!-- duration: 6ms -->
</step><!-- duration: 962ms -->
