<step title="Incoming Request" date="2025-10-12T19:48:31.757" instance="d1bb16" url="/api/deployments/latest" method="GET" type="request" pid="774,1,34" Accept="*/*" Host="backend-ai-practice-questions-app.scm.azurewebsites.net" User-Agent="AZURECLI/2.77.0 (DEB)" Accept-Encoding="gzip, deflate" Authorization="Bea..." x-ms-client-request-id="64e723e8-a7a4-11f0-a35e-6045bd07b8b4" X-ARR-LOG-ID="64e723e8-a7a4-11f0-a35e-6045bd07b8b4" CLIENT-IP="52.159.229.67:1025" X-SITE-DEPLOYMENT-ID="backend-ai-practice-questions-app" WAS-DEFAULT-HOSTNAME="backend-ai-practice-questions-app.scm.azurewebsites.net" X-Forwarded-Proto="https" X-AppService-Proto="https" X-Forwarded-TlsVersion="1.3" X-WAWS-Unencoded-URL="/api/deployments/latest" X-Client-IP="52.159.229.67" X-Client-Port="1025" >
  <step title="Cleanup Xml Logs" date="2025-10-12T19:48:31.794" >
    <step title="Cleanup Infos" date="2025-10-12T19:48:31.860" totalFiles="314" totalCleanup="154" /><!-- duration: 21ms -->
  </step><!-- duration: 104ms -->
  <step title="DeploymentService.GetResult" date="2025-10-12T19:48:32.153" >
    <step title="DeploymentService.GetLatestDeployment" date="2025-10-12T19:48:32.178" >
      <step title="DeploymentManager.GetResults" date="2025-10-12T19:48:32.218" /><!-- duration: 1461ms -->
    </step><!-- duration: 1560ms -->
  </step><!-- duration: 1640ms -->
  <step title="Outgoing response" date="2025-10-12T19:48:34.217" type="response" statusCode="202" statusText="Accepted" /><!-- duration: 21ms -->
</step><!-- duration: 2533ms -->
