<step title="Incoming Request" date="2025-10-12T19:23:05.063" instance="d1bb16" url="/api/deployments/latest" method="GET" type="request" pid="772,1,87" Accept="*/*" Host="backend-ai-practice-questions-app.scm.azurewebsites.net" User-Agent="AZURECLI/2.77.0 (DEB)" Accept-Encoding="gzip, deflate" Authorization="Bea..." x-ms-client-request-id="d6c4f55c-a7a0-11f0-a35e-000d3a58b86d" X-ARR-LOG-ID="d6c4f55c-a7a0-11f0-a35e-000d3a58b86d" CLIENT-IP="172.184.219.161:6145" X-SITE-DEPLOYMENT-ID="backend-ai-practice-questions-app" WAS-DEFAULT-HOSTNAME="backend-ai-practice-questions-app.scm.azurewebsites.net" X-Forwarded-Proto="https" X-AppService-Proto="https" X-Forwarded-TlsVersion="1.3" X-WAWS-Unencoded-URL="/api/deployments/latest" X-Client-IP="172.184.219.161" X-Client-Port="6145" >
  <step title="Cleanup Xml Logs" date="2025-10-12T19:23:05.072" >
    <step title="Cleanup Infos" date="2025-10-12T19:23:05.119" totalFiles="273" totalCleanup="113" /><!-- duration: 21ms -->
  </step><!-- duration: 103ms -->
  <step title="DeploymentService.GetResult" date="2025-10-12T19:23:05.467" >
    <step title="DeploymentService.GetLatestDeployment" date="2025-10-12T19:23:05.478" >
      <step title="DeploymentManager.GetResults" date="2025-10-12T19:23:05.537" /><!-- duration: 999ms -->
    </step><!-- duration: 1099ms -->
  </step><!-- duration: 1148ms -->
  <step title="Outgoing response" date="2025-10-12T19:23:06.846" type="response" statusCode="202" statusText="Accepted" /><!-- duration: 9ms -->
</step><!-- duration: 1801ms -->
