<step title="Incoming Request" date="2025-10-12T23:30:59.817" instance="d1bb16" url="/api/deployments/latest" method="GET" type="request" pid="774,1,15" Accept="*/*" Host="backend-ai-practice-questions-app.scm.azurewebsites.net" User-Agent="AZURECLI/2.77.0 (DEB)" Accept-Encoding="gzip, deflate" Authorization="Bea..." x-ms-client-request-id="7ad92876-a7c3-11f0-a35e-000d3a3d9b32" X-ARR-LOG-ID="7ad92876-a7c3-11f0-a35e-000d3a3d9b32" CLIENT-IP="64.236.140.164:42017" X-SITE-DEPLOYMENT-ID="backend-ai-practice-questions-app" WAS-DEFAULT-HOSTNAME="backend-ai-practice-questions-app.scm.azurewebsites.net" X-Forwarded-Proto="https" X-AppService-Proto="https" X-Forwarded-TlsVersion="1.3" X-WAWS-Unencoded-URL="/api/deployments/latest" X-Client-IP="64.236.140.164" X-Client-Port="42017" >
  <step title="Cleanup Xml Logs" date="2025-10-12T23:30:59.830" >
    <step title="Cleanup Infos" date="2025-10-12T23:30:59.876" totalFiles="364" totalCleanup="204" /><!-- duration: 14ms -->
  </step><!-- duration: 65ms -->
  <step title="DeploymentService.GetResult" date="2025-10-12T23:30:59.983" >
    <step title="DeploymentService.GetLatestDeployment" date="2025-10-12T23:30:59.993" >
      <step title="DeploymentManager.GetResults" date="2025-10-12T23:31:00.052" /><!-- duration: 2356ms -->
    </step><!-- duration: 2478ms -->
  </step><!-- duration: 2528ms -->
  <step title="Outgoing response" date="2025-10-12T23:31:02.693" type="response" statusCode="202" statusText="Accepted" /><!-- duration: 16ms -->
</step><!-- duration: 2959ms -->
