﻿<?xml version="1.0" encoding="utf-8"?>
<deployment>
  <id>83f5a220-1064-474c-b87f-1040f0f325c5</id>
  <author>N/A</author>
  <deployer>Push-Deployer</deployer>
  <authorEmail>N/A</authorEmail>
  <message>Created via a push deployment</message>
  <progress></progress>
  <status>Success</status>
  <statusText></statusText>
  <lastSuccessEndTime>2025-10-10T01:33:20.2344376Z</lastSuccessEndTime>
  <receivedTime>2025-10-10T01:28:51.016159Z</receivedTime>
  <startTime>2025-10-10T01:28:52.4367209Z</startTime>
  <endTime>2025-10-10T01:33:20.2344376Z</endTime>
  <complete>True</complete>
  <is_temp>False</is_temp>
  <is_readonly>True</is_readonly>
  <buildSummary />
</deployment>